batch2_blockparty_making_part1_000|Hi, I'm Left Eye and this is my video. It's called The Block Party and it was produced by Salam Remy and EYI.|hi, i'm left eye and this is my video. it's called the block party and it was produced by salam remy and eyi.
batch2_blockparty_making_part1_001|like big block party first of all there's a lot of children involved them the song touches on you know things that you did when you were a child so we went and|like big block party first of all there's a lot of children involved them the song touches on you know things that you did when you were a child so we went and
batch2_blockparty_making_part1_002|the children and let's see we end up in a big night do as I as I am I roll this and it unfolds and it turns into a|the children and let's see we end up in a big night do as i as i am i roll this and it unfolds and it turns into a
batch2_blockparty_making_part1_003|big big big dodecahedron which is what this is called and we go inside and we um at the end of the nightclub shrinks back down to the side|big big big dodecahedron which is what this is called and we go inside and we um at the end of the nightclub shrinks back down to the side
batch2_blockparty_making_part1_004|of this and it's over but we're the entire time we're in the wonderful world of letha and it's in my galaxy|of this and it's over but we're the entire time we're in the wonderful world of letha and it's in my galaxy
batch2_blockparty_making_part1_005|No, these won't make me jump higher, but they might make me a little extra pocket change. I'm going to market. No, these aren't my dancing shoes.|no, these won't make me jump higher, but they might make me a little extra pocket change. i'm going to market. no, these aren't my dancing shoes.
batch2_blockparty_making_part1_006|These are just the new shoes that you're going to find in the stores hopefully by Christmas. All Velcro, put what you want on. Even your shoes. And these are two of you.|these are just the new shoes that you're going to find in the stores hopefully by christmas. all velcro, put what you want on. even your shoes. and these are two of you.
batch2_blockparty_making_part1_007|our leading. Next we're gonna do some more of these shots, different angles. This is really a street we're walking down, it's all green screen right now.|our leading. next we're gonna do some more of these shots, different angles. this is really a street we're walking down, it's all green screen right now.
batch2_blockparty_making_part1_008|but we're gonna put it all in the computer. No, these won't make me jump higher, but they might make me a little extra pocket change. We're gonna market these.|but we're gonna put it all in the computer. no, these won't make me jump higher, but they might make me a little extra pocket change. we're gonna market these.
batch2_blockparty_making_part1_009|These aren't my dancing shoes. These are just the new shoes that you're going to find in the stores, hopefully by Christmas. All Velcro. Put what you want on.|these aren't my dancing shoes. these are just the new shoes that you're going to find in the stores, hopefully by christmas. all velcro. put what you want on.
batch2_blockparty_making_part2|It's going beautiful. It's a big block party first of all. There's a lot of children involved. The song touches on things.|it's going beautiful. it's a big block party first of all. there's a lot of children involved. the song touches on things.
batch2_blockparty_making_part3_000|It's a big block party first of all. There's a lot of children involved. The song touches on things that you did when you were a child.|it's a big block party first of all. there's a lot of children involved. the song touches on things that you did when you were a child.
batch2_blockparty_making_part3_001|incorporate the children and let's see we end up in a big nightclub which is one of these what I do is I roll|incorporate the children and let's see we end up in a big nightclub which is one of these what i do is i roll
batch2_blockparty_making_part3_002|this and it unfolds and it turns into a big big big dodecahedron which is what this is called and we go inside and we party our butts off|this and it unfolds and it turns into a big big big dodecahedron which is what this is called and we go inside and we party our butts off
batch2_blockparty_making_part3_003|And at the end of the video, the nightclub shrinks back down to the size of this.|and at the end of the video, the nightclub shrinks back down to the size of this.
batch2_blockparty_making_part3_004|And it's over. But the entire time we're in the wonderful world of Left Eye. And it's in my galaxy. Okay. Yes.|and it's over. but the entire time we're in the wonderful world of left eye. and it's in my galaxy. okay. yes.
batch2_blockparty_making_part3_005|Okay, my name is Left Eye and um... The video, are they watching it? Like is this for a video show?|okay, my name is left eye and um... the video, are they watching it? like is this for a video show?
batch2_blockparty_making_part3_006|This is my video. Okay, I see what you're saying. Hi, I'm Left Eye and this is my video. It's called The Block Party and it was produced by Salon|this is my video. okay, i see what you're saying. hi, i'm left eye and this is my video. it's called the block party and it was produced by salon
batch2_blockparty_making_part3_007|Remy and it's a great song and it's a great video and if the video was shot by Hype Williams directed by the Hype and I EYE|remy and it's a great song and it's a great video and if the video was shot by hype williams directed by the hype and i eye
batch2_blockparty_making_part3_008|Be careful. Everybody, this is Ed. These are two of our leading. What's happening? Next, we're going to do some more of these shots, different angles.|be careful. everybody, this is ed. these are two of our leading. what's happening? next, we're going to do some more of these shots, different angles.
batch2_blockparty_making_part3_009|This is really a street we're walking down. It's all green screen right now, but we're going to put it all in the computer. Yes. You know what? They pulled all the tools.|this is really a street we're walking down. it's all green screen right now, but we're going to put it all in the computer. yes. you know what? they pulled all the tools.
batch2_homevideo_1989_airplane_000|This nut has to go to the bathroom real bad, so he can't hold it. And it's somebody in the men's bathroom. So he goes in the women's bathroom.|this nut has to go to the bathroom real bad, so he can't hold it. and it's somebody in the men's bathroom. so he goes in the women's bathroom.
batch2_homevideo_1989_airplane_001|This plane, like one of these year 2000 planes, it's got gadgets. He sees these three buttons to the right. It's just three buttons, right? It's, um...|this plane, like one of these year 2000 planes, it's got gadgets. he sees these three buttons to the right. it's just three buttons, right? it's, um...
batch2_homevideo_1989_airplane_002|W.A. right? So he's like, I wonder what W.A. stands for. Every day is a new story about a plane being crashed. And even...|w.a. right? so he's like, i wonder what w.a. stands for. every day is a new story about a plane being crashed. and even...
batch2_homevideo_1989_airplane_003|They hired, no they fired half of the pilots and hired these inexperienced people and they was crashing planes up the right. I think it was some kind of secret government plan to eliminate half of the-|they hired, no they fired half of the pilots and hired these inexperienced people and they was crashing planes up the right. i think it was some kind of secret government plan to eliminate half of the-
batch2_homevideo_1989_channel3|flew up in the air and never came back down. My friend tied buttons. This joint has so many buttons. All right. Yeah? There's something I have to tell you. Okay, hang on. You're not gonna respond?|flew up in the air and never came back down. my friend tied buttons. this joint has so many buttons. all right. yeah? there's something i have to tell you. okay, hang on. you're not gonna respond?
batch2_homevideo_1989_dad_000|about your dad my dad was a trip my dad did the craziest stuff I remember one time|about your dad my dad was a trip my dad did the craziest stuff i remember one time
batch2_homevideo_1989_dad_001|He was, you ever have a dad that's so strict that me and my sister and my brother, we all have to get up. Six o'clock in the morning. Now he's a sergeant. He's in the army.|he was, you ever have a dad that's so strict that me and my sister and my brother, we all have to get up. six o'clock in the morning. now he's a sergeant. he's in the army.
batch2_homevideo_1989_dad_002|We get up 6 o'clock every morning. This is how he wakes us up, okay? 6 o'clock. Everybody get up. It's my morning duty.|we get up 6 o'clock every morning. this is how he wakes us up, okay? 6 o'clock. everybody get up. it's my morning duty.
batch2_homevideo_1989_dad_003|We all had more than duties. We had a certain time to be. The store he goes to, they sell a lot of them. I go down to this in the kitchen. Six hamburgers.|we all had more than duties. we had a certain time to be. the store he goes to, they sell a lot of them. i go down to this in the kitchen. six hamburgers.
batch2_homevideo_1989_dad_004|We're going to patties now. Why do we need to get to school and the hamburger is cold? The bread is all stuck.|we're going to patties now. why do we need to get to school and the hamburger is cold? the bread is all stuck.
batch2_homevideo_1989_dad_005|to the meat from the ketchup, and it's cold, hamburgers for breakfast, lunch, and we get home, we got hamburgers for dinner.|to the meat from the ketchup, and it's cold, hamburgers for breakfast, lunch, and we get home, we got hamburgers for dinner.
batch2_homevideo_1989_dad_006|right it was either hamburgers or steak you know and my friends used to say they wish that day sometimes he bought them nasty mush burgers|right it was either hamburgers or steak you know and my friends used to say they wish that day sometimes he bought them nasty mush burgers
batch2_homevideo_1989_dad_007|I remember when we had a dog. My brother, my brother has a love for animals. My dad, he could care less. He don't care if we have him or not.|i remember when we had a dog. my brother, my brother has a love for animals. my dad, he could care less. he don't care if we have him or not.
batch2_homevideo_1989_dad_008|But if we have him, it's our responsibility to take care of him. Now, me and my sister, we didn't want to go through that because we know how our father is. You know, he's like that, like clean.|but if we have him, it's our responsibility to take care of him. now, me and my sister, we didn't want to go through that because we know how our father is. you know, he's like that, like clean.
batch2_homevideo_1989_dad_009|If anybody wants it, they can just come and pick it up. They're giving away a dog, a dog. My dad brings around a little puppy. It's like this big, but it's only two days of being in the house. It's scratched up all the wax off the floors.|if anybody wants it, they can just come and pick it up. they're giving away a dog, a dog. my dad brings around a little puppy. it's like this big, but it's only two days of being in the house. it's scratched up all the wax off the floors.
batch2_homevideo_1989_dad_010|running in the house and sliding so my dad bans the dog this is winter time for this dog|running in the house and sliding so my dad bans the dog this is winter time for this dog
batch2_homevideo_1989_dad_011|out of the storage room in the rain and it comes through when they got older no my dad has no mercy for animals he does not care and he would not let the dog in the house where it's nice and warm and so my dad's girl|out of the storage room in the rain and it comes through when they got older no my dad has no mercy for animals he does not care and he would not let the dog in the house where it's nice and warm and so my dad's girl
batch2_homevideo_1989_dad_012|And they're going away for the weekend and she's like, Brian, it's cold. And you know, well, that's the girl, and if we hadn't told him, he'd have been like, no, the dog's saying, all right, all right, the dog can come in the house.|and they're going away for the weekend and she's like, brian, it's cold. and you know, well, that's the girl, and if we hadn't told him, he'd have been like, no, the dog's saying, all right, all right, the dog can come in the house.
batch2_homevideo_1989_dad_013|Only thing we had in our house, in the whole downstairs, we didn't have any rugs. Only thing we had was a couch and a chair and we didn't have a table.|only thing we had in our house, in the whole downstairs, we didn't have any rugs. only thing we had was a couch and a chair and we didn't have a table.
batch2_homevideo_1989_dad_014|We had a TV, we didn't have no tables. Oh, we had an ironing board. We had an ironing board in the dining room, and we had a couch in the chair in the room.|we had a tv, we didn't have no tables. oh, we had an ironing board. we had an ironing board in the dining room, and we had a couch in the chair in the room.
batch2_homevideo_1989_dad_015|So that's the first thing he sees wrong. So he just blows up. And he calls me. That was our own couch. You know, anytime people, we could do it. Sit them on a nice couch. The only piece of furniture we had. It's like an automatic thing where you can rest your head. And because the big circle.|so that's the first thing he sees wrong. so he just blows up. and he calls me. that was our own couch. you know, anytime people, we could do it. sit them on a nice couch. the only piece of furniture we had. it's like an automatic thing where you can rest your head. and because the big circle.
batch2_homevideo_1989_decent_video|I'm dancing on this video. I'm sorry. This is my video. This is Trump. I'm telling you. You're going to be thanking me for the rest of your life. Check out my boobs. Check out my boobs. Oh, that wasn't even the right one.|i'm dancing on this video. i'm sorry. this is my video. this is trump. i'm telling you. you're going to be thanking me for the rest of your life. check out my boobs. check out my boobs. oh, that wasn't even the right one.
batch2_homevideo_1989_first_interview_000|Well, when I was six years old my mom Well to make a long story short when I was six I got hit by a truck, but um he was starting a show and|well, when i was six years old my mom well to make a long story short when i was six i got hit by a truck, but um he was starting a show and
batch2_homevideo_1989_first_interview_001_reseg00|He got to know my family and everything. It's very hard. It's not what you know, it's who you know. One thing I'd like to start off by saying is,|he got to know my family and everything. it's very hard. it's not what you know, it's who you know. one thing i'd like to start off by saying is,
batch2_homevideo_1989_first_interview_001_reseg01|If something fails, if you go out for an audition or something like that and you don't get it, keep trying.|if something fails, if you go out for an audition or something like that and you don't get it, keep trying.
batch2_homevideo_1989_house_tour_000|Sometimes I skate back and forth, but you know everything's just... Soul Train Awards? I'm working on a project doing a little bit of carving. Baby Room, okay? This is where we...|sometimes i skate back and forth, but you know everything's just... soul train awards? i'm working on a project doing a little bit of carving. baby room, okay? this is where we...
batch2_homevideo_1989_house_tour_001|Stay out of my way. All of my guests and friends and people who... We have the first dressing room. This is where all...|stay out of my way. all of my guests and friends and people who... we have the first dressing room. this is where all...
batch2_homevideo_1989_house_tour_002|This is how my fashion-y shenanigans and stuff is. This is the kind of stuff that I wear on like award shows and you know, I go out to clubs. This is my very comfortable... Today it's not made, but um...|this is how my fashion-y shenanigans and stuff is. this is the kind of stuff that i wear on like award shows and you know, i go out to clubs. this is my very comfortable... today it's not made, but um...
batch2_homevideo_1989_house_tour_003|creation okay these walls were decorated by me painted by me they peeled by themselves but we're going to keep it like that because it looks good and this is my astrology|creation okay these walls were decorated by me painted by me they peeled by themselves but we're going to keep it like that because it looks good and this is my astrology
batch2_homevideo_1989_house_tour_004|Chart according to the symbols. This is the computer room different from where we create downstairs is business|chart according to the symbols. this is the computer room different from where we create downstairs is business
batch2_homevideo_1989_today_000|Well, when I was six years old, my mom, to make a long story short, when I was six, I got hit by a truck. He was starting a show in...|well, when i was six years old, my mom, to make a long story short, when i was six, i got hit by a truck. he was starting a show in...
batch2_homevideo_1989_today_001|He got to know my family and everything. Oh, yes. Yes. She's my idol. I...|he got to know my family and everything. oh, yes. yes. she's my idol. i...
batch2_homevideo_1989_today_002|Watch her I take a lot of pointers from her. You know, it didn't really concern me to One reason why I say|watch her i take a lot of pointers from her. you know, it didn't really concern me to one reason why i say
batch2_homevideo_1989_today_003|There's not a set number of how many people can be in that one and add on to the amount of people and if you're good If the right person sees you didn't you've got|there's not a set number of how many people can be in that one and add on to the amount of people and if you're good if the right person sees you didn't you've got
batch2_homevideo_1989_today_004|One thing I'd like to start off by saying, if something fails, if you go out for an audition or something like that, and you don't want to fall already, a lot of producers have come up to me and asked me about auditioning for certain roles in new movies.|one thing i'd like to start off by saying, if something fails, if you go out for an audition or something like that, and you don't want to fall already, a lot of producers have come up to me and asked me about auditioning for certain roles in new movies.
batch2_last_days_deleted_scene2_000|I read in a magazine, who would I tell them that if your hair is wet, it stretches. So every day I wet my hair, I take it right.|i read in a magazine, who would i tell them that if your hair is wet, it stretches. so every day i wet my hair, i take it right.
batch2_last_days_deleted_scene2_001|So yeah It couldn't have grew that much. I told you. I need to trim it again. Because I still have split ends for some reason. No matter what you put in it.|so yeah it couldn't have grew that much. i told you. i need to trim it again. because i still have split ends for some reason. no matter what you put in it.
batch2_last_days_deleted_scene2_002|it's not gonna look right because this this reminds me of when I was little first time I cleanse I almost went to jail I was I had so much|it's not gonna look right because this this reminds me of when i was little first time i cleanse i almost went to jail i was i had so much
batch2_last_days_deleted_scene2_003|energy that I didn't know how to control it. So the first person that pissed me off in the airport, she snatched some paperwork out of my hands.|energy that i didn't know how to control it. so the first person that pissed me off in the airport, she snatched some paperwork out of my hands.
batch2_last_days_deleted_scene2_004|You know, it's not really the hair that makes the difference. It's what you do with it. You've been hairstylist in the industry, but I'm not going to lie. I'm telling you, and the hairstylist coming to do, she might.|you know, it's not really the hair that makes the difference. it's what you do with it. you've been hairstylist in the industry, but i'm not going to lie. i'm telling you, and the hairstylist coming to do, she might.
batch2_last_days_deleted_scene2_005|as much as $2500 because I ended up doing my own hair work. And you know how I would have lowered the room, that is the term. We used to make Ronald's term when he was in the room.|as much as $2500 because i ended up doing my own hair work. and you know how i would have lowered the room, that is the term. we used to make ronald's term when he was in the room.
batch2_last_days_deleted_scene2_006|he was little. Ronald being the only boy with two girls he got taken advantage of so much. I took a belt to Rayna one time and I took a knife for Ronald.|he was little. ronald being the only boy with two girls he got taken advantage of so much. i took a belt to rayna one time and i took a knife for ronald.
batch2_last_days_deleted_scene2_007|with your knife it was all rusty it wasn't even sharp and I went in this room he was sitting on the bed and I was like you didn't do what I said it's all those jeans those thick jeans man that knife would have never|with your knife it was all rusty it wasn't even sharp and i went in this room he was sitting on the bed and i was like you didn't do what i said it's all those jeans those thick jeans man that knife would have never
batch2_last_days_deleted_scene2_008|went through them jeans. I was like, I'm gonna cut you. You know, our parents used to fight on it. So like, chasing after my sister, she didn't do what I said. So like, two times I lashed out on them.|went through them jeans. i was like, i'm gonna cut you. you know, our parents used to fight on it. so like, chasing after my sister, she didn't do what i said. so like, two times i lashed out on them.
batch2_last_days_deleted_scene4|Guess who just gave me their card? The lady who was the wife of the manager at the Butterfly Farm who was supposed to go on staffing. She said, That's my little friend.|guess who just gave me their card? the lady who was the wife of the manager at the butterfly farm who was supposed to go on staffing. she said, that's my little friend.
batch2_last_days_deleted_scenes_000|Look, yo, I read in a magazine who would I tell them that I read that if your hair is wet, every day I wet my hair, I take it right away. So yeah. Okay.|look, yo, i read in a magazine who would i tell them that i read that if your hair is wet, every day i wet my hair, i take it right away. so yeah. okay.
batch2_last_days_deleted_scenes_001|light the better. Let me see. That's better. I mean it couldn't have grew that much. Cause I still have split ends for some reason.|light the better. let me see. that's better. i mean it couldn't have grew that much. cause i still have split ends for some reason.
batch2_last_days_deleted_scenes_002|understand that animals and stuff they react off of instinct that means if you get nervous they get nervous you start doing all of this then all of a sudden they start getting defensive and then that's when they|understand that animals and stuff they react off of instinct that means if you get nervous they get nervous you start doing all of this then all of a sudden they start getting defensive and then that's when they
batch2_last_days_deleted_scenes_003|want to sting you. So if you leave your door open by accident and a mosquito gets in your room, your whole night, nine times out of ten, is going to be ruined unless you hunt that mosquito down and kill it.|want to sting you. so if you leave your door open by accident and a mosquito gets in your room, your whole night, nine times out of ten, is going to be ruined unless you hunt that mosquito down and kill it.
batch2_last_days_deleted_scenes_004|This reminds me of when I was little. Everything to do with your hair. While you're here, you don't know. First time I cleansed, I almost went to jail.|this reminds me of when i was little. everything to do with your hair. while you're here, you don't know. first time i cleansed, i almost went to jail.
batch2_last_days_deleted_scenes_005|I had so much energy that I didn't know how to control it. So the first person that pissed me off in the airport, she snatched some pants.|i had so much energy that i didn't know how to control it. so the first person that pissed me off in the airport, she snatched some pants.
batch2_last_days_deleted_scenes_006|out of my hands. Shoot energy from my fingers. This is the water. It comes out of the ground into here.|out of my hands. shoot energy from my fingers. this is the water. it comes out of the ground into here.
batch2_last_days_deleted_scenes_007|it comes out of the ground hot. Okay? Feel the water. Oh, seasons, rainy seasons. There's two seasons here, rainy and dry. It's not like spring, summer, winter, and fall.|it comes out of the ground hot. okay? feel the water. oh, seasons, rainy seasons. there's two seasons here, rainy and dry. it's not like spring, summer, winter, and fall.
batch2_last_days_deleted_scenes_008|These are the saunas. Alright, the way these are built is the same hot water that's coming out those tanks, running through here. And the doors are closed and everything, so there's a lot of steam coming.|these are the saunas. alright, the way these are built is the same hot water that's coming out those tanks, running through here. and the doors are closed and everything, so there's a lot of steam coming.
batch2_last_days_deleted_scenes_009|So if anybody wants to come in here, breathe, you know what I mean? Get the sulfur and the minerals and stuff in your lungs or just sit in there and sweat. Lose a little bit of weight, whatever.|so if anybody wants to come in here, breathe, you know what i mean? get the sulfur and the minerals and stuff in your lungs or just sit in there and sweat. lose a little bit of weight, whatever.
batch2_last_days_deleted_scenes_010|But let me tell y'all something about the water here. The water that you see coming out, going into that tank over there, it's coming out the ground. Now, that's natural water, and it's very...|but let me tell y'all something about the water here. the water that you see coming out, going into that tank over there, it's coming out the ground. now, that's natural water, and it's very...
batch2_last_days_deleted_scenes_011|very high in minerals it has a pH balance of 8.9 I think I think it's 8.9 that's a high|very high in minerals it has a ph balance of 8.9 i think i think it's 8.9 that's a high
batch2_last_days_deleted_scenes_012|balance you know what I mean like seven is neutral anything above seven what it starts doing it starts killing bacteria and everything so water is good for you you know|balance you know what i mean like seven is neutral anything above seven what it starts doing it starts killing bacteria and everything so water is good for you you know
batch2_last_days_deleted_scenes_013|take advantage of the water while you're here for 30 days because when you get back home the first time i came out here and went back home water you could smell it you know just from having been out here and taking a break from it|take advantage of the water while you're here for 30 days because when you get back home the first time i came out here and went back home water you could smell it you know just from having been out here and taking a break from it
batch2_last_days_deleted_scenes_014|And it actually burned my skin, you know, that's how sensitive once you get out here and start cleansing and|and it actually burned my skin, you know, that's how sensitive once you get out here and start cleansing and
batch2_last_days_deleted_scenes_015|That's how sensitive you're gonna get to all that stuff when you get back to the States. You're gonna notice a big big big difference. So that's what I'm saying. While you are here, take advantage. Try to take a bath every single day in this...|that's how sensitive you're gonna get to all that stuff when you get back to the states. you're gonna notice a big big big difference. so that's what i'm saying. while you are here, take advantage. try to take a bath every single day in this...
batch2_last_days_deleted_scenes_016|A lot of money. Hairstylist coming to do a TLC shoot for just a day, she might charge as much as $25. For her own hair.|a lot of money. hairstylist coming to do a tlc shoot for just a day, she might charge as much as $25. for her own hair.
batch2_last_days_deleted_scenes_017|bottle every single yet every single ooh okay|bottle every single yet every single ooh okay
batch2_last_days_deleted_scenes_018|Don't be dirty. You can take a bath in the daytime. You can take a bath after it gets dark. When the mosquitoes, the mosquitoes gonna come out at night, like when the sun is beginning to go down.|don't be dirty. you can take a bath in the daytime. you can take a bath after it gets dark. when the mosquitoes, the mosquitoes gonna come out at night, like when the sun is beginning to go down.
batch2_last_days_deleted_scenes_019|But let a couple hours pass by, you'll be straight. You can come down here and run some bath water if you want to take one at night. But just take advantage of this water while you're here, especially if you have any kind of skin problems.|but let a couple hours pass by, you'll be straight. you can come down here and run some bath water if you want to take one at night. but just take advantage of this water while you're here, especially if you have any kind of skin problems.
batch2_last_days_deleted_scenes_020|Alright, skin problems, hair, get your hair wet, nails, hair, skin, and nails. Alright, there's a washing machine inside in case anybody needs to wash their clothes.|alright, skin problems, hair, get your hair wet, nails, hair, skin, and nails. alright, there's a washing machine inside in case anybody needs to wash their clothes.
batch2_last_days_deleted_scenes_021|And if you need extra light when we get in areas like this, I don't know if that made a difference. No, I don't think that's enough. So anyway, there's a washing machine. Come on, I'll show you where the washing machine is. No.|and if you need extra light when we get in areas like this, i don't know if that made a difference. no, i don't think that's enough. so anyway, there's a washing machine. come on, i'll show you where the washing machine is. no.
batch2_last_days_deleted_scenes_022|Where is the washing machine? Is it outside? You don't need light? That's not it? That one doesn't work. We're good to act like it works with video. Well, there used to be a washing machine here.|where is the washing machine? is it outside? you don't need light? that's not it? that one doesn't work. we're good to act like it works with video. well, there used to be a washing machine here.
batch2_last_days_deleted_scenes_023|This is a deal. What we can do is we can go in town once a week. You know, we'll pick a couple people who don't mind who's going to take all the clothes and get them washed.|this is a deal. what we can do is we can go in town once a week. you know, we'll pick a couple people who don't mind who's going to take all the clothes and get them washed.
batch2_last_days_deleted_scenes_024|We used to make Ronald turn when he was little. Ronald being the only boy with two girls, he got taken advantage of so much. Oh, yeah.|we used to make ronald turn when he was little. ronald being the only boy with two girls, he got taken advantage of so much. oh, yeah.
batch2_last_days_deleted_scenes_025|I took a knife and it was all rusty and it wasn't even sharp. I went in his room and he was sitting on the bed and I was like you don't know what I said.|i took a knife and it was all rusty and it wasn't even sharp. i went in his room and he was sitting on the bed and i was like you don't know what i said.
batch2_last_days_deleted_scenes_026|That knife would have never went through them jeans. I was like, I'm gonna get still like chasing after my sister. She can do what I said. She's gonna do it. These are herbs, everybody.|that knife would have never went through them jeans. i was like, i'm gonna get still like chasing after my sister. she can do what i said. she's gonna do it. these are herbs, everybody.
batch2_last_days_deleted_scenes_027|over here people who have like prostate cancer and stuff like this is really really really good for prostate cancer this this stick right here will cure as it is|over here people who have like prostate cancer and stuff like this is really really really good for prostate cancer this this stick right here will cure as it is
batch2_last_days_deleted_scenes_028|This stuff is, man, we got this drink we're going to be drinking tomorrow. It's so bitter. This stuff will cure prostate cancer and clean, give you a natural high. It's unbelievable.|this stuff is, man, we got this drink we're going to be drinking tomorrow. it's so bitter. this stuff will cure prostate cancer and clean, give you a natural high. it's unbelievable.
batch2_last_days_deleted_scenes_029|Yeah, I know. Y'all gonna see, man. And another thing it does, when women drink that stuff, it makes them aggressive. That's why every time I come here and I get charged up and I go back home, I'll be.|yeah, i know. y'all gonna see, man. and another thing it does, when women drink that stuff, it makes them aggressive. that's why every time i come here and i get charged up and i go back home, i'll be.
batch2_last_days_deleted_scenes_030|on one like like what you know to cause not his trouble and stuff blame it on the omen grind asked me who it was somebody came all up in my face|on one like like what you know to cause not his trouble and stuff blame it on the omen grind asked me who it was somebody came all up in my face
batch2_last_days_deleted_scenes_031|He took a vacuum cleaner pipe and he started busting out all my windows.|he took a vacuum cleaner pipe and he started busting out all my windows.
batch2_last_days_deleted_scenes_032|in my car because I had set the fire in the bathroom and when I seen him do that I was like|in my car because i had set the fire in the bathroom and when i seen him do that i was like
batch2_last_days_deleted_scenes_033|Bash the windshield and Andre's Mercedes. One swing. Crack. Bash the windshield. He already knows what these are. These are your living quarters.|bash the windshield and andre's mercedes. one swing. crack. bash the windshield. he already knows what these are. these are your living quarters.
batch2_last_days_deleted_scenes_034|We call them huts. These huts are made out of mud. The mud is like an inch thick, okay? What they do is they build like a wood frame and then they pack it with mud.|we call them huts. these huts are made out of mud. the mud is like an inch thick, okay? what they do is they build like a wood frame and then they pack it with mud.
batch2_last_days_deleted_scenes_035|and then they you know put this like like this isn't this is an actual mud because if the water were to get on the actual money would melt back down and when it gets cold these walls|and then they you know put this like like this isn't this is an actual mud because if the water were to get on the actual money would melt back down and when it gets cold these walls
batch2_last_days_deleted_scenes_036|get warm and when it's warm these walls get cool. I know I told everybody yesterday septic system and we don't want the tissue paper to clog it up okay so I know like it's a habit|get warm and when it's warm these walls get cool. i know i told everybody yesterday septic system and we don't want the tissue paper to clog it up okay so i know like it's a habit
batch2_last_days_deleted_scenes_037|First thing you do is you throw the toilet in the toilet. Grab the toilet paper and throw it in the trash. Oh, okay. And then wash your hands. Right here, okay? The creek is on the other side of this fence.|first thing you do is you throw the toilet in the toilet. grab the toilet paper and throw it in the trash. oh, okay. and then wash your hands. right here, okay? the creek is on the other side of this fence.
batch2_last_days_deleted_scenes_038|now in your leisure time if you just want to venture back here|now in your leisure time if you just want to venture back here
batch2_last_days_deleted_scenes_039|Fine, you can't get lost if you follow the creek. I've been two hours back into the forest following this creek, okay? Let's go walk back there.|fine, you can't get lost if you follow the creek. i've been two hours back into the forest following this creek, okay? let's go walk back there.
batch2_last_days_deleted_scenes_040|The higher the water is going to get, we're like way, way, way, way at the bottom.|the higher the water is going to get, we're like way, way, way, way at the bottom.
batch2_last_days_deleted_scenes_041|heck no they ain't listening. For some reason y'all get like a strange itch or a rash, report it immediately because... Instead of huge mosquito.|heck no they ain't listening. for some reason y'all get like a strange itch or a rash, report it immediately because... instead of huge mosquito.
batch2_last_days_deleted_scenes_042|that is not a mosquito get a strange bite|that is not a mosquito get a strange bite
batch2_last_days_deleted_scenes_043|or a rash, report it immediately. What we're going to try to do here is everything the natural way. So trust me, they got something for you. We got salve.|or a rash, report it immediately. what we're going to try to do here is everything the natural way. so trust me, they got something for you. we got salve.
batch2_last_days_deleted_scenes_044|for your skin in case you get bites or for the mosquitoes or whatnot and they got all kind of herbs that'll take care of any kind of problem if for some reason God forbid somebody gets bit by a snake that shouldn't happen this is what I recommend you do|for your skin in case you get bites or for the mosquitoes or whatnot and they got all kind of herbs that'll take care of any kind of problem if for some reason god forbid somebody gets bit by a snake that shouldn't happen this is what i recommend you do
batch2_last_days_deleted_scenes_045|You go up and you eat it. Right? All of these green leaves. Let me tell you what leaves not to eat when we get back up there. This is a poisonous plant up there that I don't want nobody. If you get bit by a snake, you want to grab a leaf. The chlorophyll thins out your blood. So when you get a snake bite.|you go up and you eat it. right? all of these green leaves. let me tell you what leaves not to eat when we get back up there. this is a poisonous plant up there that i don't want nobody. if you get bit by a snake, you want to grab a leaf. the chlorophyll thins out your blood. so when you get a snake bite.
batch2_last_days_deleted_scenes_046|That stuff, it coagulates the blood. It makes it so that, you know, it clots up. This will unclog your blood, okay? You have to respect nature and nature.|that stuff, it coagulates the blood. it makes it so that, you know, it clots up. this will unclog your blood, okay? you have to respect nature and nature.
batch2_last_days_deleted_scenes_047|will respect you and that's pretty much it.|will respect you and that's pretty much it.
batch2_last_days_deleted_scenes_048|Last person to work out has to take the big glass of earth. Raina, that is big. Lisa, twice as big. Every tick that ever bit me before from high.|last person to work out has to take the big glass of earth. raina, that is big. lisa, twice as big. every tick that ever bit me before from high.
batch2_last_days_deleted_scenes_049|was so small that you can't even see him on your body. Okay, well I'm... You have a dog and there's tics on the dogs, they're not even that big.|was so small that you can't even see him on your body. okay, well i'm... you have a dog and there's tics on the dogs, they're not even that big.
batch2_last_days_deleted_scenes_050|All of these stuff she's doing, she's moving around this energy around. Guess who just gave me that card? The lady who's the wife of the...|all of these stuff she's doing, she's moving around this energy around. guess who just gave me that card? the lady who's the wife of the...
batch2_last_days_deleted_scenes_051|manager at the butterfly farm. We were supposed to go on Saturday. She's a crime. The lion civilization disappeared with no trace. Well, these are the movements that they say came from the lions.|manager at the butterfly farm. we were supposed to go on saturday. she's a crime. the lion civilization disappeared with no trace. well, these are the movements that they say came from the lions.
batch2_last_days_deleted_scenes_052|We lived with my dad. He used to have us every morning. We had to get up at 6.|we lived with my dad. he used to have us every morning. we had to get up at 6.
batch2_last_days_deleted_scenes_053|He used to come in. He used to come in. He used to come in. Literally, I know I was. I was literally every morning like this. You know, he was like, don't let your head touch. All right, get up.|he used to come in. he used to come in. he used to come in. literally, i know i was. i was literally every morning like this. you know, he was like, don't let your head touch. all right, get up.
batch2_last_days_deleted_scenes_054|Six o'clock every 15 minutes we rotate it Everything's on the dot every 15 like six o'clock|six o'clock every 15 minutes we rotate it everything's on the dot every 15 like six o'clock
batch2_last_days_deleted_scenes_055|I had to go start washing up, Raina started getting her clothes ready, Ronald started doing something. Rotate. You know, I come out get dressed, Raina go in the bathroom, Ronald started getting his clothes ready. Rotate. I go downstairs make...|i had to go start washing up, raina started getting her clothes ready, ronald started doing something. rotate. you know, i come out get dressed, raina go in the bathroom, ronald started getting his clothes ready. rotate. i go downstairs make...
batch2_last_days_deleted_scenes_056|Raina going to get dressed, Ronald going to bathroom. Rotate! I start making a lunch, Raina come downstairs, Ronald, no, no, no, no, rotate! And then at 7.30, lunch is packed.|raina going to get dressed, ronald going to bathroom. rotate! i start making a lunch, raina come downstairs, ronald, no, no, no, no, rotate! and then at 7.30, lunch is packed.
batch2_last_days_deleted_scenes_057|Everybody dressed, sitting on the couch. We didn't have to leave until 8 o'clock. We sitting up on the couch a whole half an hour like, what's wrong with daddy? I was like, can we get up a half an hour late?|everybody dressed, sitting on the couch. we didn't have to leave until 8 o'clock. we sitting up on the couch a whole half an hour like, what's wrong with daddy? i was like, can we get up a half an hour late?
batch2_last_days_deleted_scenes_058_reseg00_fsplit00|I don't even know what I was thinking about. That's my little friend.|i don't even know what i was thinking about. that's my little friend.
batch2_last_days_deleted_scenes_058_reseg00_fsplit01|with precision just like infrared then i sought out my visions and found poison lead is that my dear friend yeah it's like the gas|with precision just like infrared then i sought out my visions and found poison lead is that my dear friend yeah it's like the gas
batch2_last_days_deleted_scenes_058_reseg00_fsplit02|my soul with no pipes, hit the tide by the flames, bound by the rocks and the chains, I see smoke in my mirrors, if it don't,|my soul with no pipes, hit the tide by the flames, bound by the rocks and the chains, i see smoke in my mirrors, if it don't,
batch2_millionaire_hd_000|Charm was given to me by Maya Nuli. Which foundation is specifically geared towards black males? Mm-hmm. It's a foundation that supports over 1,000.|charm was given to me by maya nuli. which foundation is specifically geared towards black males? mm-hmm. it's a foundation that supports over 1,000.
batch2_millionaire_hd_001|400 programs dealing in education, community services. Plenty of substance? Well, no, I drink juice, water, drink semo. Reese. I would recommend it for everyone. I need it. Hey.|400 programs dealing in education, community services. plenty of substance? well, no, i drink juice, water, drink semo. reese. i would recommend it for everyone. i need it. hey.
batch2_millionaire_hd_002|That's my final answer. Yeah, we're gonna go for A, Marine. Final answer. That's the right F. C, final answer. She likes Bono. Well, I rap.|that's my final answer. yeah, we're gonna go for a, marine. final answer. that's the right f. c, final answer. she likes bono. well, i rap.
batch2_millionaire_hd_003|So I write everything that I say basically. Well, I went to the movie and when I got home, I just figured it out. That's when everyone discovered that I was learning by ear. And that's your- Well, it's called a-|so i write everything that i say basically. well, i went to the movie and when i got home, i just figured it out. that's when everyone discovered that i was learning by ear. and that's your- well, it's called a-
batch2_millionaire_hd_004|dodecahedron and I kind of created that and I do all the computer graphics for it. Good for you. A guy gave me a pickup line, he said he was attracted to my left eye.|dodecahedron and i kind of created that and i do all the computer graphics for it. good for you. a guy gave me a pickup line, he said he was attracted to my left eye.
batch2_millionaire_hd_005|What writer's father was the inspiration for the fictional character Mr. Macabre? A. Mark Twain. B. Charles Dickens. C. Jim.|what writer's father was the inspiration for the fictional character mr. macabre? a. mark twain. b. charles dickens. c. jim.
batch2_millionaire_hd_006|James Joyce, D. F. Scott Fitzgerald. What are the answers? Mark Twain, Charles Dickens, James Joyce. I'm going to go for A.|james joyce, d. f. scott fitzgerald. what are the answers? mark twain, charles dickens, james joyce. i'm going to go for a.
batch2_mtv_cut_dowrong_000|our own music video airing right here. For new acts all the time, it's Josefa. Guys, with the song.|our own music video airing right here. for new acts all the time, it's josefa. guys, with the song.
batch2_mtv_cut_dowrong_001_reseg00|verbalize. Starting off with a 4.5. Ms. Josef wants to do in a game.|verbalize. starting off with a 4.5. ms. josef wants to do in a game.
batch2_mtv_cut_dowrong_001_reseg01_fsplit00|Make some noise. He's trying to be Zach Claw Fashion, who has 15, just started a new school and has an interesting hobby. Watch this. Oh, give it up.|make some noise. he's trying to be zach claw fashion, who has 15, just started a new school and has an interesting hobby. watch this. oh, give it up.
batch2_mtv_cut_dowrong_001_reseg01_fsplit01|with a 21 Julio was you digging my girl would you otherwise my man days is coming back in our school work in the eighth grade you know when my parents|with a 21 julio was you digging my girl would you otherwise my man days is coming back in our school work in the eighth grade you know when my parents
batch2_mtv_cut_dowrong_001_reseg01_fsplit02|Not really for exhale to see if they can Somebody to beat them and come back to compete in our semi ladies from the East Coast|not really for exhale to see if they can somebody to beat them and come back to compete in our semi ladies from the east coast
batch2_mtv_cut_dowrong_001_reseg01_fsplit03|performing down to you and days we're gonna get him out and let me know about X-Hall|performing down to you and days we're gonna get him out and let me know about x-hall
batch2_mtv_cut_ep1_000|performing live on stage and one of them gets to come back and take a shot at appearing in their own music video airing right here|performing live on stage and one of them gets to come back and take a shot at appearing in their own music video airing right here
batch2_mtv_cut_ep1_001|on MTV. Now let's get to the first empire left. How do you score a Morning Woods performance? Morning.|on mtv. now let's get to the first empire left. how do you score a morning woods performance? morning.
batch2_mtv_cut_ep1_002|Am I saying that right? Dominica, that's correct. Okay, just wanted to make sure. What did you think? We got a lot of Latinos in the audience. Somebody tell me how to say point in Spanish if I'm saying siete.|am i saying that right? dominica, that's correct. okay, just wanted to make sure. what did you think? we got a lot of latinos in the audience. somebody tell me how to say point in spanish if i'm saying siete.
batch2_mtv_cut_ep1_003|So far we straight out. Okay Brian what's up? 2.5 so that means Morning Wood has an backstage ready to try. So there's Nicole, Natasha and the...|so far we straight out. okay brian what's up? 2.5 so that means morning wood has an backstage ready to try. so there's nicole, natasha and the...
batch2_mtv_cut_ep1_004|who say they wrote their first song on an airplane inspired by the night flight and here they are singing you grant my wish|who say they wrote their first song on an airplane inspired by the night flight and here they are singing you grant my wish
batch2_mtv_cut_ep1_005|Please put your head fast. And we just saw Nick Toshita perform, Grant My Wish. Thornette, what's the word on Nick Toshita?|please put your head fast. and we just saw nick toshita perform, grant my wish. thornette, what's the word on nick toshita?
batch2_mtv_cut_ep1_006|With a 7.5 it has to be something that you didn't like. Okay. Now, Ryan, do you think that they could grant your wish?|with a 7.5 it has to be something that you didn't like. okay. now, ryan, do you think that they could grant your wish?
batch2_mtv_cut_ep1_007|That was fantastic. You beat more than you would. Now you have to hold on to the lead in order to come back. But...|that was fantastic. you beat more than you would. now you have to hold on to the lead in order to come back. but...
batch2_mtv_cut_ep1_008|Not if it's up to your competition. Born in Madisonville, Kentucky, he calls himself the Mike Control. Says that he is all-purpose. Take a look. Deep or confused?|not if it's up to your competition. born in madisonville, kentucky, he calls himself the mike control. says that he is all-purpose. take a look. deep or confused?
batch2_mtv_cut_ep1_009|You tell me. Just playing. Just playing. Performing! Thornell, give us a word on Cheyenne's performance. And Dominika, what did you think about...|you tell me. just playing. just playing. performing! thornell, give us a word on cheyenne's performance. and dominika, what did you think about...
batch2_mtv_cut_ep1_010|Mr. Brian McKnight, do you agree? It's a 24.5 for Cheyenne Slaw. You are now... Otherwise, Cheyenne is coming back for our semifinals. Last but not least...|mr. brian mcknight, do you agree? it's a 24.5 for cheyenne slaw. you are now... otherwise, cheyenne is coming back for our semifinals. last but not least...
batch2_mtv_cut_ep1_011|Let's take a look at a lady who says she would like to be the youngest girl to write, sing, and produce songs that make the top 40s charts. And Salah is in the lead so far with...|let's take a look at a lady who says she would like to be the youngest girl to write, sing, and produce songs that make the top 40s charts. and salah is in the lead so far with...
batch2_mtv_cut_ep1_012|a 24.5 the last chance for somebody to beat him and come back to compete in our semi-finals|a 24.5 the last chance for somebody to beat him and come back to compete in our semi-finals
batch2_mtv_cut_ep1_013|Now you know it's all down to you and Cheyenne, right? I want you to stand right over here next to me, girl. That was pretty good.|now you know it's all down to you and cheyenne, right? i want you to stand right over here next to me, girl. that was pretty good.
batch2_mtv_cut_ep1_014|So what we're going to do is we're going to get him out here right now. Now, 24.5, you don't want to beat tonight. So what we're going to do is we're going to have what it takes.|so what we're going to do is we're going to get him out here right now. now, 24.5, you don't want to beat tonight. so what we're going to do is we're going to have what it takes.
batch2_mtv_cut_ep1_015|All right. 17.5 is looking very good. Now, Ryan, who is it going to be tonight? Cheyenne? You have a shot at winning your own video.|all right. 17.5 is looking very good. now, ryan, who is it going to be tonight? cheyenne? you have a shot at winning your own video.
batch2_mtv_cut_mcknight_000|own music video airing right tonight because picking a winner is not going to be easy but what we're going to do right now is we're going to get the music started|own music video airing right tonight because picking a winner is not going to be easy but what we're going to do right now is we're going to get the music started
batch2_mtv_cut_mcknight_001|Our first performers believe that music is a celebration, not a company. Dominica, was that a catchy song or what? Oh, yeah. I don't know if you caught that line in the song about you.|our first performers believe that music is a celebration, not a company. dominica, was that a catchy song or what? oh, yeah. i don't know if you caught that line in the song about you.
batch2_mtv_cut_mcknight_002|I'm starting line with your name in it. Alright. I don't know if you know, you supposed to give them a high score for that. Well, you know. A woman whose first spoken words was from an Otis...|i'm starting line with your name in it. alright. i don't know if you know, you supposed to give them a high score for that. well, you know. a woman whose first spoken words was from an otis...
batch2_mtv_cut_mcknight_003|Reading songs. Let's take a look. Shana and the sound of positive... Fills is up the woman to get into... Perfect was your plan to snatch my man Before you tap it with my man in me|reading songs. let's take a look. shana and the sound of positive... fills is up the woman to get into... perfect was your plan to snatch my man before you tap it with my man in me
batch2_mtv_cut_mcknight_004|You got me going crazy, losing sanity. I got Dominica. Where'd you into the bar and Brian?|you got me going crazy, losing sanity. i got dominica. where'd you into the bar and brian?
batch2_mtv_cut_mcknight_005|What did you think about? Emanaz trying to take the lead and make this. And it's coming back to our semi-finals. This is the last chance for somebody to beat them and come back to comp-|what did you think about? emanaz trying to take the lead and make this. and it's coming back to our semi-finals. this is the last chance for somebody to beat them and come back to comp-
batch2_mtv_cut_mcknight_006|Alright, actually I'm gonna meet you halfway. Now!|alright, actually i'm gonna meet you halfway. now!
batch2_mtv_cut_mcknight_007|It's up to you and let us get the word on Mr. Alfred. I know you already got a number over there, so give it up because I got to know what today's winner is going to be. Who is it going to be? Is it going to be Eminem or is it going to be Alfred Jackson?|it's up to you and let us get the word on mr. alfred. i know you already got a number over there, so give it up because i got to know what today's winner is going to be. who is it going to be? is it going to be eminem or is it going to be alfred jackson?
batch3_arsenio_1992_baby_000|First of all, the name is Left Eye because the eye is right. A guy came up to me and said he was very attracted to me because of my left eye.|first of all, the name is left eye because the eye is right. a guy came up to me and said he was very attracted to me because of my left eye.
batch3_arsenio_1992_baby_001|I don't know. I looked in the mirror all day that night. Chili started teasing. I know, I got glass eyeballs. And mentally, we're about 60-something.|i don't know. i looked in the mirror all day that night. chili started teasing. i know, i got glass eyeballs. and mentally, we're about 60-something.
batch3_arsenio_1992_baby_002|Yeah. Well, that's not it. I mean, they have a problem with the condoms, lyrical content, you know, because we use a lot of double standards in our own.|yeah. well, that's not it. i mean, they have a problem with the condoms, lyrical content, you know, because we use a lot of double standards in our own.
batch3_arsenio_1992_baby_003|Lyrical content. Now you can call me a feminist rapper if you want to. I'm not one. But we're a singing group. And I'm the rapper.|lyrical content. now you can call me a feminist rapper if you want to. i'm not one. but we're a singing group. and i'm the rapper.
batch3_arsenio_1992_baby_004_reseg00_fsplit00|And we all have our own job titles, positions. Miss T-Voz is the funk. I'm the rap. And Chili is the straight artist. We stand up for guys.|and we all have our own job titles, positions. miss t-voz is the funk. i'm the rap. and chili is the straight artist. we stand up for guys.
batch3_arsenio_1992_baby_004_reseg00_fsplit01|too. Thank you. Since then, we tell it from a woman's point of view.|too. thank you. since then, we tell it from a woman's point of view.
batch3_arsenio_1993_hat2daback_000|It mostly happens when we're running for planes and stuff. We got signed with Pebbles as being our man. She's glamorous. Has anybody heard this riddle before?|it mostly happens when we're running for planes and stuff. we got signed with pebbles as being our man. she's glamorous. has anybody heard this riddle before?
batch3_arsenio_1993_hat2daback_001|ABC, Toby, BD, B-R-B-T, Teen Summit, and plus you wouldn't even announce it. And then, wait a minute, yeah. I think that if we had AIDS, that would be all the...|abc, toby, bd, b-r-b-t, teen summit, and plus you wouldn't even announce it. and then, wait a minute, yeah. i think that if we had aids, that would be all the...
batch3_arsenio_1993_hat2daback_002|more reason to listen to us so we shouldn't be dogged out yeah for you know they look at us I think more we had a messed up like that it's not to look down on us for you should look at it as a learn with and then I mean again I want to see|more reason to listen to us so we shouldn't be dogged out yeah for you know they look at us i think more we had a messed up like that it's not to look down on us for you should look at it as a learn with and then i mean again i want to see
batch3_arsenio_1993_hat2daback_003|Well, I think they should be available. I don't know about just passing them out, but they should definitely...|well, i think they should be available. i don't know about just passing them out, but they should definitely...
batch3_bet_first_interview_000|We happened to audition for the same group. Now this was before we met Chili. And we met Pebble, we auditioned for her.|we happened to audition for the same group. now this was before we met chili. and we met pebble, we auditioned for her.
batch3_bet_first_interview_001|We needed a third member and Pebbles went down to rehearsals. To come back. We're like, she's our fourth life. And it makes our mothers feel comfortable too. Yeah. It's lovely.|we needed a third member and pebbles went down to rehearsals. to come back. we're like, she's our fourth life. and it makes our mothers feel comfortable too. yeah. it's lovely.
batch3_bet_first_interview_002|Where do we get our names from? Well, we can explain what they mean and that might help me. Yeah, I mean, it's not that weird, so it isn't. I was about to say that. I used to sound just like Moni, but...|where do we get our names from? well, we can explain what they mean and that might help me. yeah, i mean, it's not that weird, so it isn't. i was about to say that. i used to sound just like moni, but...
batch3_bet_first_interview_003|You know, that's when that was so both do really yeah, we did we have to get her into Speaking of promos soon as we get finished our promo. We're gonna go back home getting to her|you know, that's when that was so both do really yeah, we did we have to get her into speaking of promos soon as we get finished our promo. we're gonna go back home getting to her
batch3_bet_videosoul_halloween94_000|Um, ooh on the TLC tip, you know, meant being on our own tip. So, um, crazy, sexy, we're crazy, sexy, cool. It doesn't mean I'm crazy, she's sexy and she's cool. It just means.|um, ooh on the tlc tip, you know, meant being on our own tip. so, um, crazy, sexy, we're crazy, sexy, cool. it doesn't mean i'm crazy, she's sexy and she's cool. it just means.
batch3_bet_videosoul_halloween94_001|we represent those in each woman. You know, it's like, I'm every woman. I'm crazy, sexy, cool. Or I'm every, you know, switched over and just ever just.|we represent those in each woman. you know, it's like, i'm every woman. i'm crazy, sexy, cool. or i'm every, you know, switched over and just ever just.
batch3_bet_videosoul_halloween94_002|I ain't know roaches bite though. I didn't know that. The big ones cop, they bite. You know, you got your water bugs. They're in the roach family, but I don't know about the roaches. Organized noise, Jermaine Dufresne. Okay, let's do it. All right.|i ain't know roaches bite though. i didn't know that. the big ones cop, they bite. you know, you got your water bugs. they're in the roach family, but i don't know about the roaches. organized noise, jermaine dufresne. okay, let's do it. all right.
batch3_crazysexycool_part1_000|Absolutely correct. Everyone in this group is and just, of course it came from a few different words, but we made it one word. Make some samples of James Brown, Parliament, just old stuff that was done.|absolutely correct. everyone in this group is and just, of course it came from a few different words, but we made it one word. make some samples of james brown, parliament, just old stuff that was done.
batch3_crazysexycool_part1_001|goes much further. We were watching Grease last night and they wear basically the same things that we wear today. The style has gone out and come back. Not only eyebrows and you look at all the old movies.|goes much further. we were watching grease last night and they wear basically the same things that we wear today. the style has gone out and come back. not only eyebrows and you look at all the old movies.
batch3_crazysexycool_part1_002|from back in the 50s and they had their eyebrows eyebrows arched or even just drawn what you do it's been here before in some shape fashion or form you know you just|from back in the 50s and they had their eyebrows eyebrows arched or even just drawn what you do it's been here before in some shape fashion or form you know you just
batch3_crazysexycool_part1_003|do it in a new time so the time is what actually makes it a little different not the actual essence of what you're doing|do it in a new time so the time is what actually makes it a little different not the actual essence of what you're doing
batch3_crazysexycool_part1_004|Most people do not get into the words first. They're all into the beat or sometimes it's not even the beat it's what the person next to them is into so they jump on the bandwagon you know it becomes|most people do not get into the words first. they're all into the beat or sometimes it's not even the beat it's what the person next to them is into so they jump on the bandwagon you know it becomes
batch3_crazysexycool_part1_005|a big fad but waterfalls what makes waterfall so special is the video makes you pay attention to the words and the message and it's the video that brings the whole song to light and|a big fad but waterfalls what makes waterfall so special is the video makes you pay attention to the words and the message and it's the video that brings the whole song to light and
batch3_crazysexycool_part1_006|it really says okay okay this is not just a song with a nice tune or you know this is not just a song by three popular girls this is a song that means something and i know a lot of people|it really says okay okay this is not just a song with a nice tune or you know this is not just a song by three popular girls this is a song that means something and i know a lot of people
batch3_crazysexycool_part1_007|have seen the video and they actually get scared because you know they think about their own life. It has to be nothing other than a career progression because we've already sold twice more albums on the second album than the first.|have seen the video and they actually get scared because you know they think about their own life. it has to be nothing other than a career progression because we've already sold twice more albums on the second album than the first.
batch3_crazysexycool_part1_008|So that's a progression itself and I don't know if it has anything to do with the style progressing or the music progressing, but everything has progressed.|so that's a progression itself and i don't know if it has anything to do with the style progressing or the music progressing, but everything has progressed.
batch3_crazysexycool_part1_009|grown up. I'm not saying we've grown up from girls to women but we've grown from young ladies to women. But I make out the second time with colorful baggy clothes.|grown up. i'm not saying we've grown up from girls to women but we've grown from young ladies to women. but i make out the second time with colorful baggy clothes.
batch3_crazysexycool_part1_010|just for the simple reason that it's not in anymore. It doesn't mean that that's not what's in our hearts. You know, why come out and play ourselves? Let's come up with something new. I don't know. You just got to do them and see what happens, and that's just what we did.|just for the simple reason that it's not in anymore. it doesn't mean that that's not what's in our hearts. you know, why come out and play ourselves? let's come up with something new. i don't know. you just got to do them and see what happens, and that's just what we did.
batch3_crazysexycool_part1_011|It had been thrown around since the first album to redo a Prince song. We didn't know which song it would be, the second album. What actually happened was one of our producers was going to redo If I Was Your Girlfriend for Mary J. Blige.|it had been thrown around since the first album to redo a prince song. we didn't know which song it would be, the second album. what actually happened was one of our producers was going to redo if i was your girlfriend for mary j. blige.
batch3_crazysexycool_part1_012|Now, we kind of stepped in and thought that... Total. Or total. It's a new group out. We thought that T-Boz's voice match was a closer match to Prince's, and she can pull it off better.|now, we kind of stepped in and thought that... total. or total. it's a new group out. we thought that t-boz's voice match was a closer match to prince's, and she can pull it off better.
batch3_crazysexycool_part1_013|than any other female artist that is in this business right now. So we kind of fought to have the song ourselves. A lot of people before our album even came out,|than any other female artist that is in this business right now. so we kind of fought to have the song ourselves. a lot of people before our album even came out,
batch3_crazysexycool_part1_014|bet money that that was printing it because she sounds so much like him but I don't know if it didn't sound right I don't think we would have put it out but it came out everything else behind it but that|bet money that that was printing it because she sounds so much like him but i don't know if it didn't sound right i don't think we would have put it out but it came out everything else behind it but that
batch3_crazysexycool_part1_015|All the same you're doing double the work, but you're getting enough for and if we came off like prostitutes Then that wasn't what how we were trying to come off actually of things|all the same you're doing double the work, but you're getting enough for and if we came off like prostitutes then that wasn't what how we were trying to come off actually of things
batch3_crazysexycool_part1_016|they shouldn't. That kids interlude and just decide that it's raunchy. What you could do if you had the power is to wipe every television show and every movie.|they shouldn't. that kids interlude and just decide that it's raunchy. what you could do if you had the power is to wipe every television show and every movie.
batch3_crazysexycool_part1_017|you can walk out in the street there for a big surprise. And I can account for what I do because I'm a grown up.|you can walk out in the street there for a big surprise. and i can account for what i do because i'm a grown up.
batch3_crazysexycool_part1_018|I mean we know what we want and they know that okay this is our music and this is how we want it and we don't like this and we don't like that it's with on the first album except|i mean we know what we want and they know that okay this is our music and this is how we want it and we don't like this and we don't like that it's with on the first album except
batch3_crazysexycool_part1_019_reseg00|and it just seems to work. You know, there are a lot of, it's just like Left Eye, she's a songwriter and a producer, acknowledged.|and it just seems to work. you know, there are a lot of, it's just like left eye, she's a songwriter and a producer, acknowledged.
batch3_crazysexycool_part1_019_reseg01|Who produced this or who wrote this? And it's normally men. And men have written many more love songs. Many. You know what I'm saying? They don't know how to communicate with their woman, so I guess it's just their way of getting it out. Can't say it, but I write a song.|who produced this or who wrote this? and it's normally men. and men have written many more love songs. many. you know what i'm saying? they don't know how to communicate with their woman, so i guess it's just their way of getting it out. can't say it, but i write a song.
batch3_crazysexycool_part2_000|You have to make decisions. You have to sit down. You have to talk with your lawyers. You have to talk with your manager. You have to get into these things. Are the type of artists who, where would you give them?|you have to make decisions. you have to sit down. you have to talk with your lawyers. you have to talk with your manager. you have to get into these things. are the type of artists who, where would you give them?
batch3_crazysexycool_part2_001|You write all the songs for them, you write all the words, and they're just little puppets. Now, in that case, I don't know if they ever get a chance to really get into the business or...|you write all the songs for them, you write all the words, and they're just little puppets. now, in that case, i don't know if they ever get a chance to really get into the business or...
batch3_crazysexycool_part2_002|if they even care because that kind of artist to me is not a true artist and just being in the business itself will teach you a lot especially when you get jerked that's when you learn a lot|if they even care because that kind of artist to me is not a true artist and just being in the business itself will teach you a lot especially when you get jerked that's when you learn a lot
batch3_crazysexycool_part2_003|lot. Makes you kind of want to sit down be like why am I in this? More TLCs have three totally separate roles but kind of go into these things as a unit. Later on I don't know we might change our minds but for now we would like to rise to the top.|lot. makes you kind of want to sit down be like why am i in this? more tlcs have three totally separate roles but kind of go into these things as a unit. later on i don't know we might change our minds but for now we would like to rise to the top.
batch3_crazysexycool_part2_004_reseg00_fsplit00|That's kind of hard to say if I regret anything because there's a lot of things they've happened You know, it's like okay this thing even though it was bad got me to the next|that's kind of hard to say if i regret anything because there's a lot of things they've happened you know, it's like okay this thing even though it was bad got me to the next
batch3_crazysexycool_part2_004_reseg00_fsplit01|step and that all of it kind of led its way to where I'm sitting right now so I don't know if I kind of regret anything I just take everything that's happened and kind of try to learn from it some kind of way|step and that all of it kind of led its way to where i'm sitting right now so i don't know if i kind of regret anything i just take everything that's happened and kind of try to learn from it some kind of way
batch3_grammy_1996_press_000|You might as well just... And what people don't understand is that when you forward to it, and I'm very excited about it. How do I do what? Make it run?|you might as well just... and what people don't understand is that when you forward to it, and i'm very excited about it. how do i do what? make it run?
batch3_grammy_1996_press_001|well first of all 10 million albums and how can we be broke um it's kind of i i can't go into everything right now but|well first of all 10 million albums and how can we be broke um it's kind of i i can't go into everything right now but
batch3_grammy_1996_press_002|Trust me, you can sell 10 million albums and be broke if you have greedy people behind you. And Left Eye Productions is a company that I have. I have Left Eye Management. I have artists.|trust me, you can sell 10 million albums and be broke if you have greedy people behind you. and left eye productions is a company that i have. i have left eye management. i have artists.
batch3_grammy_1996_press_003|I have an artist signed to the face coming out. I have an artist signing to Columbia Records coming out And I have other artists who aren't signed yet now. I'm trying to get deals|i have an artist signed to the face coming out. i have an artist signing to columbia records coming out and i have other artists who aren't signed yet now. i'm trying to get deals
batch3_grammy_1996_press_004|I've been working on this for a couple years now and finally things are booming and hopefully 96 yeah they should be out this summer 96 will start to be|i've been working on this for a couple years now and finally things are booming and hopefully 96 yeah they should be out this summer 96 will start to be
batch3_grammy_1996_press_005|the year for left eye productions so stick together learn from our mistakes and uh you know just uh well you know|the year for left eye productions so stick together learn from our mistakes and uh you know just uh well you know
batch3_grammy_1996_press_006|Contracts and stuff is kind of hard to handle business when you're stuck in contracts that say sir. Just being very honest.|contracts and stuff is kind of hard to handle business when you're stuck in contracts that say sir. just being very honest.
batch3_kids_choice_1999_000|Okay. Yeah, very refreshing. Very refreshing. Makes us feel like we have a chance to almost start all over again. Get the light. Get the light.|okay. yeah, very refreshing. very refreshing. makes us feel like we have a chance to almost start all over again. get the light. get the light.
batch3_kids_choice_1999_001|See you can't see them now, it's daylight, but they light up. While Chili's washing her socks, we're gonna take a look at the nominees.|see you can't see them now, it's daylight, but they light up. while chili's washing her socks, we're gonna take a look at the nominees.
batch3_kids_choice_1999_002|Hurry up, I got a load of wipes to wash. My name is Left Eye because this guy was attracted to me because my left eye.|hurry up, i got a load of wipes to wash. my name is left eye because this guy was attracted to me because my left eye.
batch3_kids_choice_1999_003|Cool. And your name is Lisa too? Well, yeah. That's the original TLC was our... You know, it took us a while to find her, right? Well, not that long. No, not that long. But, I mean...|cool. and your name is lisa too? well, yeah. that's the original tlc was our... you know, it took us a while to find her, right? well, not that long. no, not that long. but, i mean...
batch3_kids_choice_1999_004|I mean, after a while, we decided if we didn't find anybody, that we met her, and I was like chilling, chilling. Well, I can really remember Janet. For me, I have to say it was...|i mean, after a while, we decided if we didn't find anybody, that we met her, and i was like chilling, chilling. well, i can really remember janet. for me, i have to say it was...
batch3_kids_choice_1999_005|Yeah, send your answer, girl. Well, actually, I didn't express interest in cutting out on the group. I just said that I couldn't 100% stand behind this project.|yeah, send your answer, girl. well, actually, i didn't express interest in cutting out on the group. i just said that i couldn't 100% stand behind this project.
batch3_kids_choice_1999_006|Which is something that statement, but everyone's, you know, taking it in the wrong way.|which is something that statement, but everyone's, you know, taking it in the wrong way.
batch3_kids_choice_1999_007|Yeah, actually my magazine was received that I was cutting out. But no, I supported it, you know, went on and made it no doubt.|yeah, actually my magazine was received that i was cutting out. but no, i supported it, you know, went on and made it no doubt.
batch3_kids_choice_1999_008|I think TLC- Wait a minute, one more thing please. When people are reading the article- Rising, don't get distracted by the media tactics. Well, yeah, this album is dedicated to our fans.|i think tlc- wait a minute, one more thing please. when people are reading the article- rising, don't get distracted by the media tactics. well, yeah, this album is dedicated to our fans.
batch3_kids_choice_1999_009|And it's entitled Fan. Pull out a poster that I have 5,000 fans. They exist and so for this album, I think the most important thing that we want to do.|and it's entitled fan. pull out a poster that i have 5,000 fans. they exist and so for this album, i think the most important thing that we want to do.
batch3_kids_choice_1999_010|to get out to everyone and to thank them for it. If we could have done it without the fans, we'd really appreciate them standing around us.|to get out to everyone and to thank them for it. if we could have done it without the fans, we'd really appreciate them standing around us.
batch3_kids_choice_1999_011|Well, I watch my diet. I don't eat dairy. So, you know, I don't have to do that much exercise.|well, i watch my diet. i don't eat dairy. so, you know, i don't have to do that much exercise.
batch3_kids_choice_1999_012|Threat? Never. Opportunity is plenty. So, you know, we're not bad.|threat? never. opportunity is plenty. so, you know, we're not bad.
batch3_lefteye_tupac_000|similar to the point where we almost clashed both Gemini's and it was almost I don't know if this has any significance|similar to the point where we almost clashed both gemini's and it was almost i don't know if this has any significance
batch3_lefteye_tupac_001|But I was born on an odd day, the 27th, and he was born on the 16th, which equals to 7 and 9 day, and we were odd.|but i was born on an odd day, the 27th, and he was born on the 16th, which equals to 7 and 9 day, and we were odd.
batch3_lefteye_tupac_002|I got a chance to go to his house a few months before he passed on.|i got a chance to go to his house a few months before he passed on.
batch3_lefteye_tupac_003|and it was weird. It was a very weird experience because that was in my cabinets.|and it was weird. it was a very weird experience because that was in my cabinets.
batch3_lefteye_tupac_004|down to the seasonings in the kitchen you know the types of food that we ate the pot set|down to the seasonings in the kitchen you know the types of food that we ate the pot set
batch3_lefteye_tupac_005|the chairs that we sat in. I look at me to look at the way he wrote it down. Not only, you know, what he was saying, but.|the chairs that we sat in. i look at me to look at the way he wrote it down. not only, you know, what he was saying, but.
batch3_lefteye_tupac_006|how it was written. You know, and a lot of the words he substituted with little symbols, like the eyeball for the word eyes.|how it was written. you know, and a lot of the words he substituted with little symbols, like the eyeball for the word eyes.
batch3_lefteye_tupac_007|Let's see, I think that during his time here.|let's see, i think that during his time here.
batch3_lefteye_tupac_008|Out of the universe, there's 100%, 85%, you know, they don't know what's going on, 5% do and want to tell everybody, and then there's 10% who do and they don't want the other.|out of the universe, there's 100%, 85%, you know, they don't know what's going on, 5% do and want to tell everybody, and then there's 10% who do and they don't want the other.
batch3_lefteye_tupac_009|I think he was part of that 5%. I think everyone is sitting here on a mission, a mission to find themselves and find out.|i think he was part of that 5%. i think everyone is sitting here on a mission, a mission to find themselves and find out.
batch3_lefteye_tupac_010|what their purpose is and to fulfill it. Now, he accomplished a great deal while he was here, and, um,|what their purpose is and to fulfill it. now, he accomplished a great deal while he was here, and, um,
batch3_lefteye_tupac_011|I don't know, because there's fate and there's destiny. You know what I'm saying? It's like fate happens.|i don't know, because there's fate and there's destiny. you know what i'm saying? it's like fate happens.
batch3_lefteye_tupac_012|and destiny is what you choose for yourself. Here, I don't know which one it was, but I just know that if you...|and destiny is what you choose for yourself. here, i don't know which one it was, but i just know that if you...
batch3_lefteye_tupac_013|If you set a goal and you follow the path, you know, that it takes to get to your final destiny, then...|if you set a goal and you follow the path, you know, that it takes to get to your final destiny, then...
batch3_lefteye_tupac_014|You may be able to get there if you can recognize the distractions, you know, that you may run into along the way. And I know that there was a lot of things in his life.|you may be able to get there if you can recognize the distractions, you know, that you may run into along the way. and i know that there was a lot of things in his life.
batch3_lefteye_tupac_015|It may have been distractions or, I don't know, just things that just made it a little bit harder for him to climb that ladder.|it may have been distractions or, i don't know, just things that just made it a little bit harder for him to climb that ladder.
batch3_lefteye_tupac_016|still was very very strong person i've been through a lot of things it's very similar to what he has been through but he's been through|still was very very strong person i've been through a lot of things it's very similar to what he has been through but he's been through
batch3_lefteye_tupac_017|that much more and he's accomplished so much more than I have so I can kind of relate to|that much more and he's accomplished so much more than i have so i can kind of relate to
batch3_lefteye_tupac_018|you know, him in a sense of still pushing on and moving forward and trying to follow up with.|you know, him in a sense of still pushing on and moving forward and trying to follow up with.
batch3_lefteye_tupac_019|his mission, whatever it may have been. But yeah, I do believe he was here on a mission. Tupac gave me lots of...|his mission, whatever it may have been. but yeah, i do believe he was here on a mission. tupac gave me lots of...
batch3_lefteye_tupac_020|advice um most important advice he gave me was to be 100% real he said that if I was real with somebody and|advice um most important advice he gave me was to be 100% real he said that if i was real with somebody and
batch3_lefteye_tupac_021|They couldn't accept it. Then, um... It was better to be respected for being real.|they couldn't accept it. then, um... it was better to be respected for being real.
batch3_lefteye_tupac_022|them you know to try to lie because to pacify someone else's feelings so I appreciated that from him and I followed his advice and a lot of people cannot handle|them you know to try to lie because to pacify someone else's feelings so i appreciated that from him and i followed his advice and a lot of people cannot handle
batch3_lefteye_tupac_023|someone being 100% real, you know what I'm saying? And that's why I think a lot of people could not handle Tupac, because he was about as real as they come, and it's like when you get that real, it's...|someone being 100% real, you know what i'm saying? and that's why i think a lot of people could not handle tupac, because he was about as real as they come, and it's like when you get that real, it's...
batch3_lefteye_tupac_024|it almost seems like it's gay. But that's the best advice he gave me. Since Tupac has passed,|it almost seems like it's gay. but that's the best advice he gave me. since tupac has passed,
batch3_lefteye_tupac_025|I have changed, but I wouldn't necessarily say it's because.|i have changed, but i wouldn't necessarily say it's because.
batch3_lefteye_tupac_026|he passed. I've realized things since he passed. Like, you know, really thinking about death and what is it and...|he passed. i've realized things since he passed. like, you know, really thinking about death and what is it and...
batch3_lefteye_tupac_027|You know, why do people mourn it? Why is it supposed to be such a painful experience? Why is it like it signifies the end when...|you know, why do people mourn it? why is it supposed to be such a painful experience? why is it like it signifies the end when...
batch3_lefteye_tupac_028|What I believe is it is not the end. When Tupac passed, I realized that there were a lot of selfish people.|what i believe is it is not the end. when tupac passed, i realized that there were a lot of selfish people.
batch3_lefteye_tupac_029|in this world. That's what I realized. Everyone didn't want him to leave here for their own selfishness.|in this world. that's what i realized. everyone didn't want him to leave here for their own selfishness.
batch3_lefteye_tupac_030|And as soon as I realized that that's what it was that had me about to go cuckoo.|and as soon as i realized that that's what it was that had me about to go cuckoo.
batch3_lefteye_tupac_031|you know, I was able to let go and say if he really wanted to stay here, he would have pulled through. But it was his choice and his decision.|you know, i was able to let go and say if he really wanted to stay here, he would have pulled through. but it was his choice and his decision.
batch3_lefteye_tupac_032|And obviously there's life after death. So I guess he decided to move on and I'm 100% with.|and obviously there's life after death. so i guess he decided to move on and i'm 100% with.
batch3_lefteye_tupac_033|any decision that he would have made, you know. So that's what I... Recording that song with him.|any decision that he would have made, you know. so that's what i... recording that song with him.
batch3_lefteye_tupac_034|And he said, Mac, expect me to come back like Jesus.|and he said, mac, expect me to come back like jesus.
batch3_mobo_awards_2000_p1_000|This is the MOBA Awards and tonight we will be honoring the very, very best in music from the UK and all around the world. Yes, Gabrielle.|this is the moba awards and tonight we will be honoring the very, very best in music from the uk and all around the world. yes, gabrielle.
batch3_mobo_awards_2000_p1_001|and many, many more to come. And we're going to set this place on fire, right? For London Today Best Newcomer Award, please welcome the man in charge.|and many, many more to come. and we're going to set this place on fire, right? for london today best newcomer award, please welcome the man in charge.
batch3_mobo_awards_2000_p1_002|charge of London, Ken Livingston, and the woman he always calls for advice, Donna Ayer. I cannot believe that this is a world's time performing.|charge of london, ken livingston, and the woman he always calls for advice, donna ayer. i cannot believe that this is a world's time performing.
batch3_mobo_awards_2000_p1_003|in seven years. I've been backstage doing all the hard work. Work. That's the hard work I've been doing. For the man who has quite a record for bailing me out of jail.|in seven years. i've been backstage doing all the hard work. work. that's the hard work i've been doing. for the man who has quite a record for bailing me out of jail.
batch3_mobo_awards_2000_p1_004|Mr. Allen to present the best reggae act. Please welcome a man who almost looks better and liker than me. Colin Jackson and the sexiest soul.|mr. allen to present the best reggae act. please welcome a man who almost looks better and liker than me. colin jackson and the sexiest soul.
batch3_mobo_awards_2000_p1_005|star on FM Best R&B Act Award. Now please welcome on stage an artist who has grown from the garage. Well, in the States we say garage.|star on fm best r&b act award. now please welcome on stage an artist who has grown from the garage. well, in the states we say garage.
batch3_mobo_awards_2000_p1_006|and is poised to take over the world. Sir, a musician, and he's here right now. Ladies and gentlemen, and that's my next outfit.|and is poised to take over the world. sir, a musician, and he's here right now. ladies and gentlemen, and that's my next outfit.
batch3_mobo_awards_2000_p1_007|fit. Have you been rumbling in my dressing room? Tunes of artists contribute something to the music they make. It might be good or it might|fit. have you been rumbling in my dressing room? tunes of artists contribute something to the music they make. it might be good or it might
batch3_mobo_awards_2000_p1_008|be like the chemicals we pump into our poor helpless but some artists almost come to define the music they make here to tell us which artists this year will receive the mobile award for the|be like the chemicals we pump into our poor helpless but some artists almost come to define the music they make here to tell us which artists this year will receive the mobile award for the
batch3_mobo_awards_2000_p1_009|to music unlike your hair I know I had a greater night no I had a great and I know you did it|to music unlike your hair i know i had a greater night no i had a great and i know you did it
batch3_mobo_awards_2000_p1_010|the greater there's only one way to finish the evening off and I never asked|the greater there's only one way to finish the evening off and i never asked
batch3_mobo_awards_2000_p2_000|it up for the man who has quite a record for bailing me out of jail, Mr. Alex Olmos looks better and liker than me. Colin Jackson.|it up for the man who has quite a record for bailing me out of jail, mr. alex olmos looks better and liker than me. colin jackson.
batch3_mobo_awards_2000_p2_001|and the sexiest soap star on TV. Please welcome on stage an artist who has grown from the garage. Well, in the States we say garage. And is poised to take over the world.|and the sexiest soap star on tv. please welcome on stage an artist who has grown from the garage. well, in the states we say garage. and is poised to take over the world.
batch3_mobo_awards_2000_p2_002|a musician, and he's here right now, ladies and gentlemen, MJ. Yay, that's my next outfit.|a musician, and he's here right now, ladies and gentlemen, mj. yay, that's my next outfit.
batch3_mobo_awards_2000_p2_003|Have you been rumbling in my dressing room? One of them are damaged. Slim with ghetto romance. Oh, yeah. Let us contribute something to the music they make.|have you been rumbling in my dressing room? one of them are damaged. slim with ghetto romance. oh, yeah. let us contribute something to the music they make.
batch3_mobo_awards_2000_p2_004|It might be good or it might be like the chemicals we pump into our poor helpless Chicks almost come to define the music they make. Here to tell us...|it might be good or it might be like the chemicals we pump into our poor helpless chicks almost come to define the music they make. here to tell us...
batch3_mobo_awards_2000_p2_005|Which artist this year will receive the MOBA award for contribution to music in Unlike your hair, Trevor No I had a greater night No, I had|which artist this year will receive the moba award for contribution to music in unlike your hair, trevor no i had a greater night no, i had
batch3_mobo_awards_2000_p2_006|There's only one way to finish the evening off, Trevor. She's a kid right now. And I never asked.|there's only one way to finish the evening off, trevor. she's a kid right now. and i never asked.
batch3_mtv_cut_finals_000|won their semifinals but only one of those finalists is going to win that mtv video right here he writes he plays he produces he owns a record artist r&b actor|won their semifinals but only one of those finalists is going to win that mtv video right here he writes he plays he produces he owns a record artist r&b actor
batch3_mtv_cut_finals_001|around dropping christian rhymes with their son is given win the finals what we're gonna do is go to our panel now are you down with|around dropping christian rhymes with their son is given win the finals what we're gonna do is go to our panel now are you down with
batch3_mtv_cut_finals_002|We have the skills to pay the bills. We're going to haul our grand prize winner. They'll either stay in the running or be knocked out by this performance. Big skills on this big man are going to be big enough to beat Il-Hama. And this is the grand finale.|we have the skills to pay the bills. we're going to haul our grand prize winner. they'll either stay in the running or be knocked out by this performance. big skills on this big man are going to be big enough to beat il-hama. and this is the grand finale.
batch3_mtv_cut_finals_003|With a 21.5. Here he is ready to ice the audience with Freeze Up. All the way from Cleveland, Ohio. It's Big Al. Gonna be big enough to beat him.|with a 21.5. here he is ready to ice the audience with freeze up. all the way from cleveland, ohio. it's big al. gonna be big enough to beat him.
batch3_mtv_cut_finals_004|with a 21 charge moving to playing with them I like to be active anything it was like really big you already know our performers are competing for an MTV video|with a 21 charge moving to playing with them i like to be active anything it was like really big you already know our performers are competing for an mtv video
batch3_mtv_cut_finals_005|But here's something else we're trying to throw the winner. Big Al has his eyes on the prize with a 24.5 news.|but here's something else we're trying to throw the winner. big al has his eyes on the prize with a 24.5 news.
batch3_mtv_cut_finals_006|From Los Angeles performing Have You Ever, it's Paige. Let's see if that was enough to beat Big Al. Anxiously awaiting backstage with a 20...|from los angeles performing have you ever, it's paige. let's see if that was enough to beat big al. anxiously awaiting backstage with a 20...
batch3_mtv_cut_finals_007|That is a 21.5 for page three. Next aspiring video star, check out a former gangbanger now banging beats for the man upstairs.|that is a 21.5 for page three. next aspiring video star, check out a former gangbanger now banging beats for the man upstairs.
batch3_mtv_cut_finals_008|Here he is all the way from the Bay Area looking for that music video. So far, we've seen it. And Latin froze. We weren't going anywhere. We just...|here he is all the way from the bay area looking for that music video. so far, we've seen it. and latin froze. we weren't going anywhere. we just...
batch3_mtv_cut_finals_009|We saw T-Bone blaze the microphone, and now we're going to the judges to see if he can score higher than Big Al with a twine for T-Bone, which is...|we saw t-bone blaze the microphone, and now we're going to the judges to see if he can score higher than big al with a twine for t-bone, which is...
batch3_mtv_cut_finals_010|Ready to give his all is a man inspired by his loss. Crooning the way that she loves me. A true romantic, give it up, that. You write that about me.|ready to give his all is a man inspired by his loss. crooning the way that she loves me. a true romantic, give it up, that. you write that about me.
batch3_mtv_cut_finals_011|Yes. Come on now. You don't have to. What are you doing? Yeah. Okay, we'll leave it at that. David! Now, what did you think of...|yes. come on now. you don't have to. what are you doing? yeah. okay, we'll leave it at that. david! now, what did you think of...
batch3_mtv_cut_finals_012|Chris is smooth sound. Sound is big enough for both of y'all. Y'all should know a good voice when you hear one. These guys beat you to it. On a break, open the hip-hop world like a pin-yam. You all got those.|chris is smooth sound. sound is big enough for both of y'all. y'all should know a good voice when you hear one. these guys beat you to it. on a break, open the hip-hop world like a pin-yam. you all got those.
batch3_mtv_cut_finals_013|are here to blaze the microphone doing, I said you're such the Spanish pro that you are. How do you say? Don't touch that dial. We'll be right back with the cut.|are here to blaze the microphone doing, i said you're such the spanish pro that you are. how do you say? don't touch that dial. we'll be right back with the cut.
batch3_mtv_cut_finals_014|with the freeze on Chris Wilson with 26.5 points. When we come, he's competing for that music video. But Chris Wilson came out swinging. Now.|with the freeze on chris wilson with 26.5 points. when we come, he's competing for that music video. but chris wilson came out swinging. now.
batch3_mtv_cut_finals_015|Now, this is the finals of MTV's Dex. Starring in their own video on MTV. They're also winning a week's worth of recording time with the super producer.|now, this is the finals of mtv's dex. starring in their own video on mtv. they're also winning a week's worth of recording time with the super producer.
batch3_mtv_cut_finals_016|who has laid down tracks for rap icons, LL Cool J. And Ice, now you are from the Boogie Down Bronx. So, did the froze remind you of home, Andy? Yeah.|who has laid down tracks for rap icons, ll cool j. and ice, now you are from the boogie down bronx. so, did the froze remind you of home, andy? yeah.
batch3_mtv_cut_finals_017|Oh, that is a benzi dos punzos. It looks like he is still. She is the definition of the phrase.|oh, that is a benzi dos punzos. it looks like he is still. she is the definition of the phrase.
batch3_mtv_cut_finals_018|And not by go home, somebody says, what's up with that girl Anastasia? Now, have you been approached a lot by different record labels and stuff since you've been on the cut?|and not by go home, somebody says, what's up with that girl anastasia? now, have you been approached a lot by different record labels and stuff since you've been on the cut?
batch3_mtv_cut_finals_019|going to be good enough to take the lead from Chris Wilson. David, did Anastasia wow you? Four acts to go. Three, he is a cool cat.|going to be good enough to take the lead from chris wilson. david, did anastasia wow you? four acts to go. three, he is a cool cat.
batch3_mtv_cut_finals_020|who calls himself a spicy Cajun cook. Always puts me in a good mood. I'm always on the side. I get up, get up, get down. All right, now, y'all was tight.|who calls himself a spicy cajun cook. always puts me in a good mood. i'm always on the side. i get up, get up, get down. all right, now, y'all was tight.
batch3_mtv_cut_finals_021|So we're going to see if you and the girls have what it takes to beat Chris. 18.5 so far, Drew Hill. Now, did you feel the energy?|so we're going to see if you and the girls have what it takes to beat chris. 18.5 so far, drew hill. now, did you feel the energy?
batch3_mtv_cut_finals_022|working super producer QD3. And as you see, she's as smooth as her name. Take a look at Silk Church. I became a problem.|working super producer qd3. and as you see, she's as smooth as her name. take a look at silk church. i became a problem.
batch3_mtv_cut_finals_023|Don't go anywhere. We have to stick around and see if Silky, which stands for sexy, intelligent lady knocking everybody out.|don't go anywhere. we have to stick around and see if silky, which stands for sexy, intelligent lady knocking everybody out.
batch3_mtv_cut_finals_024|before somebody stars in their own MTV video. But Sookie's about to lay her switch up styles, okay? I don't know who it won to anyway, because this is the finals.|before somebody stars in their own mtv video. but sookie's about to lay her switch up styles, okay? i don't know who it won to anyway, because this is the finals.
batch3_mtv_cut_finals_025|Now she has more styles than Ralph Loving. G-Nut, come on over here. Now, that was fast. You guys went in, y'all.|now she has more styles than ralph loving. g-nut, come on over here. now, that was fast. you guys went in, y'all.
batch3_mtv_cut_finals_026|You'd be a fool if you went anywhere now. Little Noah has a shot at making his dreams come true by beating Silky, the real leader, and Chris Wilson's wild, that'd be denied.|you'd be a fool if you went anywhere now. little noah has a shot at making his dreams come true by beating silky, the real leader, and chris wilson's wild, that'd be denied.
batch3_mtv_cut_finals_027|Now only Lil Noah stands between her You are about to win Your own MTV videos I want to do something real quick I want to give both contestants a good luck rose DJ Mar...|now only lil noah stands between her you are about to win your own mtv videos i want to do something real quick i want to give both contestants a good luck rose dj mar...
batch3_mtv_cut_finals_028|frame now good luck to the thing of little noah's rhyme and that means that you need at least a 12.5 to be|frame now good luck to the thing of little noah's rhyme and that means that you need at least a 12.5 to be
batch3_mtv_cut_finals_029|and Drew Hill. So I will see y'all next time on This is Leah waiting backstage with a 20 Now, were you on the same page as|and drew hill. so i will see y'all next time on this is leah waiting backstage with a 20 now, were you on the same page as
batch3_mtv_cut_finals_030|Wow, that is a 21.5 for page three. Next aspiring video star, check out a former gangbanger now banging beats for the...|wow, that is a 21.5 for page three. next aspiring video star, check out a former gangbanger now banging beats for the...
batch3_mtv_cut_finals_031|Man upstairs. Three years all the way from the... Now! That was fat. 26.5 points. That was enough to beat Big Al. Anxiously awaiting...|man upstairs. three years all the way from the... now! that was fat. 26.5 points. that was enough to beat big al. anxiously awaiting...
batch3_mtv_cut_finals_032|backstage with a 20 that is a 21.5 for page three aspiring video star check out a former gangbanger now banging beats for the man upstairs and this is the grand finale|backstage with a 20 that is a 21.5 for page three aspiring video star check out a former gangbanger now banging beats for the man upstairs and this is the grand finale
batch3_mtv_cut_finals_033_reseg00_fsplit00|with a 21.5 here he is ready to ice the audience with freeze up oh that is a it looks like he is still|with a 21.5 here he is ready to ice the audience with freeze up oh that is a it looks like he is still
batch3_mtv_cut_finals_033_reseg00_fsplit01|She is the definition of the phrase you cannot judge a book by its cover. I go home. Somebody says, what's up with that girl Anastasia?|she is the definition of the phrase you cannot judge a book by its cover. i go home. somebody says, what's up with that girl anastasia?
batch3_mtv_cut_finals_033_reseg00_fsplit02|Now, have you been approached a lot by different record labels and stuff since you've been on the cut? It's going to be good enough to take the lead from Chris Wilson, who has...|now, have you been approached a lot by different record labels and stuff since you've been on the cut? it's going to be good enough to take the lead from chris wilson, who has...
batch3_mtv_cut_finals_033_reseg00_fsplit03|David, did Anastasia wow you? Gonna be big enough to beat Ill Harmonix with a 21. That's big enough for both of y'all. Y'all should know a good voice when you hear one.|david, did anastasia wow you? gonna be big enough to beat ill harmonix with a 21. that's big enough for both of y'all. y'all should know a good voice when you hear one.
batch3_mtv_cut_finals_033_reseg00_fsplit04|These guys beat you to it. On a break, open the hip hop world like a pin-yuck of you guys winning, y'all. You and the girls have what it takes to beat.|these guys beat you to it. on a break, open the hip hop world like a pin-yuck of you guys winning, y'all. you and the girls have what it takes to beat.
batch3_mtv_cut_finals_033_reseg00_fsplit05|Chris Buster, is this guy ready for MTV? 14.5 so far, Drew Hill. Now did you feel the energy? Too bad, it looks like.|chris buster, is this guy ready for mtv? 14.5 so far, drew hill. now did you feel the energy? too bad, it looks like.
batch3_mtv_cut_finals_033_reseg00_fsplit06|Chris, producer QD3. And as you see, take a look at Zil. Dresses all the time. I had to come in early.|chris, producer qd3. and as you see, take a look at zil. dresses all the time. i had to come in early.
batch3_mtv_cut_finals_033_reseg00_fsplit07|That was enough to beat Big Al, anxiously awaiting backstage with a 20. Now, were you on the same? That is a 21.5 for Paige.|that was enough to beat big al, anxiously awaiting backstage with a 20. now, were you on the same? that is a 21.5 for paige.
batch3_mtv_cut_finals_033_reseg00_fsplit08|Now she has more styles than Ralph Lauren. Now! That was fat. Artist, R&B actor Ralph, dropping Christian rhymes with their song.|now she has more styles than ralph lauren. now! that was fat. artist, r&b actor ralph, dropping christian rhymes with their song.
batch3_mtv_cut_finals_033_reseg00_fsplit09|Will I? 18.5 so far, Drew Hill. Now, did you feel the energy? Super producer, QD3. And as you see,|will i? 18.5 so far, drew hill. now, did you feel the energy? super producer, qd3. and as you see,
batch3_mtv_cut_finals_033_reseg00_fsplit10|Look at silk. Dresses all the time. I had to come in early. They were into hip hop. Dropping Christian rhymes with their song, Will I?|look at silk. dresses all the time. i had to come in early. they were into hip hop. dropping christian rhymes with their song, will i?
batch3_mtv_cut_finals_033_reseg00_fsplit11|You guys winning your own video. A kid who keeps a 3.0 to make his parents. You'd be a fool if you went anywhere now. Middle Noah has a shot at making his dreams come true by beating Silky.|you guys winning your own video. a kid who keeps a 3.0 to make his parents. you'd be a fool if you went anywhere now. middle noah has a shot at making his dreams come true by beating silky.
batch3_mtv_pointblank_gun_000|Let's see, if you do want to go out and get a gun, if that makes you feel more comfortable, then I'm here to support you 100%.|let's see, if you do want to go out and get a gun, if that makes you feel more comfortable, then i'm here to support you 100%.
batch3_mtv_pointblank_gun_001|Only thing about that is everyone has decisions that they have to make in life. Everyone has the power of choice. So, and there are consequences to your choices. So, if you do good things.|only thing about that is everyone has decisions that they have to make in life. everyone has the power of choice. so, and there are consequences to your choices. so, if you do good things.
batch3_mtv_pointblank_gun_002|then good things happen if you do bad things. It's not the guns who hurt people, it's the people who hurt people. So you just have to make the right choices if you do decide to have this gun.|then good things happen if you do bad things. it's not the guns who hurt people, it's the people who hurt people. so you just have to make the right choices if you do decide to have this gun.
batch3_mtv_pointblank_gun_003|your possession and you're gonna have to take me to the shooting range so I can learn how to shoot because I don't want to be in a dangerous situation and have a gun and it backfire on me.|your possession and you're gonna have to take me to the shooting range so i can learn how to shoot because i don't want to be in a dangerous situation and have a gun and it backfire on me.
batch3_mtv_pointblank_gun_004|But, you know, good people, bad things happen to good people too. So a lot of times, you know, good people are the victims.|but, you know, good people, bad things happen to good people too. so a lot of times, you know, good people are the victims.
batch3_mtv_pointblank_gun_005|violence but in life there's always chances you know that that we have to take no matter what situations we're in. He knows how to use it and he uses|violence but in life there's always chances you know that that we have to take no matter what situations we're in. he knows how to use it and he uses
batch3_mtv_pointblank_gun_006|his um you know he thinks before he um actually takes action. Paul if if my sister|his um you know he thinks before he um actually takes action. paul if if my sister
batch3_mtv_pointblank_gun_007|did get shot. I wouldn't turn around and blame it on you and say that it was your fault or anything. Whoever decided to get that gun out the drawer and whoever decided to shoot that gun.|did get shot. i wouldn't turn around and blame it on you and say that it was your fault or anything. whoever decided to get that gun out the drawer and whoever decided to shoot that gun.
batch3_mtv_pointblank_gun_008|has to answer to that, you know, and it's a shame, but it all goes back to...|has to answer to that, you know, and it's a shame, but it all goes back to...
batch3_mtv_pointblank_gun_009|life and there are consequences to the choices that you make so whoever did that's going to have to answer to those consequences. But there are several people around me who do own them and from talking to them I do know that guns give them a sense of power.|life and there are consequences to the choices that you make so whoever did that's going to have to answer to those consequences. but there are several people around me who do own them and from talking to them i do know that guns give them a sense of power.
batch3_mtv_pointblank_gun_010|when they have a gun in their hand they feel secure they feel like they can control the situation you know|when they have a gun in their hand they feel secure they feel like they can control the situation you know
batch3_mtv_pointblank_gun_011|And I know a couple people who have actually used the guns and gotten themselves into worse situations.|and i know a couple people who have actually used the guns and gotten themselves into worse situations.
batch3_mtv_pointblank_gun_012|because they used them out of, you know, or didn't actually know how to use the gun.|because they used them out of, you know, or didn't actually know how to use the gun.
batch3_mtv_pointblank_gun_013|I know a couple people who actually shot themselves playing with the gun, two different people. So, you know, it's...|i know a couple people who actually shot themselves playing with the gun, two different people. so, you know, it's...
batch3_mtv_pointblank_gun_014|I think it's just all about are going to have a gun, know how to use it and make wise decisions. You know, try to think before you.|i think it's just all about are going to have a gun, know how to use it and make wise decisions. you know, try to think before you.
batch3_source_awards_1999_000|That's right, joining him from the streets of Boston, a hot new group whose album is out next. Now see, I knew would nobody admit that. But that's all that.|that's right, joining him from the streets of boston, a hot new group whose album is out next. now see, i knew would nobody admit that. but that's all that.
batch3_source_awards_1999_001|Now, we are about to honor a very special group of presenters, ladies and gentlemen, Ron DMC and Lauren Hill. Okay, now before I present this...|now, we are about to honor a very special group of presenters, ladies and gentlemen, ron dmc and lauren hill. okay, now before i present this...
batch3_source_awards_1999_002|next award. It wouldn't be fair for everybody in TV land if they couldn't see my entire outfit.|next award. it wouldn't be fair for everybody in tv land if they couldn't see my entire outfit.
batch3_source_awards_1999_003|a Kyle Young original thank you now to present the award for single of the year Chris Webber Mia X and Tyson|a kyle young original thank you now to present the award for single of the year chris webber mia x and tyson
batch3_source_awards_1999_004|Beckford. Our next award, New Jersey Nets star Stephon Marbury, Jermaine Dupree, and Missy. The new artist of the year solo are three players who master the game.|beckford. our next award, new jersey nets star stephon marbury, jermaine dupree, and missy. the new artist of the year solo are three players who master the game.
batch3_source_awards_1999_005|I see it was smoking. Smoking? Yes. Ladies and gentlemen. Who is it? Everybody who came here tonight to support this event. Yeah, yeah. Performers, presenters, nominees. Thanks to everybody for a great...|i see it was smoking. smoking? yes. ladies and gentlemen. who is it? everybody who came here tonight to support this event. yeah, yeah. performers, presenters, nominees. thanks to everybody for a great...
batch3_vh1_fashion_1995_000|She's sick? Well, it's not that kind of sick. She just, um, she's got to rest for like six weeks. Oh, really? So she couldn't be here. So we can't perform or anything like that. It's not nothing serious, but it's taken care of.|she's sick? well, it's not that kind of sick. she just, um, she's got to rest for like six weeks. oh, really? so she couldn't be here. so we can't perform or anything like that. it's not nothing serious, but it's taken care of.
batch3_vh1_fashion_1995_001|She's alright. She should be watching us right now. Okay, cool. Hi T-Bom. We didn't say we like it better. I like the first look. Now, see, Chilli, she's the one who's like, I don't like the first. No, me. I like the first album and the second album. The looks.|she's alright. she should be watching us right now. okay, cool. hi t-bom. we didn't say we like it better. i like the first look. now, see, chilli, she's the one who's like, i don't like the first. no, me. i like the first album and the second album. the looks.
batch3_vh1_fashion_1995_002|One night she's not feeling well, she couldn't be here. She's designed everything from hosiery...|one night she's not feeling well, she couldn't be here. she's designed everything from hosiery...
batch4_angie_martinez_ladies_night_000|A little bit of everything. Yeah, a little bit of everything. My own with the group because on this album it's coming out at the end of this year. And I've wrapped a lot of-|a little bit of everything. yeah, a little bit of everything. my own with the group because on this album it's coming out at the end of this year. and i've wrapped a lot of-
batch4_angie_martinez_ladies_night_001|the first one i didn't on the second one and there's going to be a lot more on this one it is i don't have a release date there are no real dates in the music industry|the first one i didn't on the second one and there's going to be a lot more on this one it is i don't have a release date there are no real dates in the music industry
batch4_bbc_radio1_melc_interview_000|Everything is fine. TLC, actually, we're winding down. No problems, but I, you know, I'm working on a solo project. But I'm living.|everything is fine. tlc, actually, we're winding down. no problems, but i, you know, i'm working on a solo project. but i'm living.
batch4_bbc_radio1_melc_interview_001|very limited to you know the amount of work that i can actually long 16 bars here really really strut my through a little something last year but it's not the first time|very limited to you know the amount of work that i can actually long 16 bars here really really strut my through a little something last year but it's not the first time
batch4_bbc_radio1_melc_interview_002|went through something it was just the first time that it was publicized existed personal differences you know when it comes|went through something it was just the first time that it was publicized existed personal differences you know when it comes
batch4_lefteye_1997_vmas_000|very very cool time for me. I'm glad to be here. TLC we're working on our album so you know fortunately we haven't been out for three years so you know we don't have a chance to do the TLC stuff.|very very cool time for me. i'm glad to be here. tlc we're working on our album so you know fortunately we haven't been out for three years so you know we don't have a chance to do the tlc stuff.
batch4_lefteye_1997_vmas_001|on the show so I'm glad to be a part of the ladies night and we are performing tonight. It's always fun when you're working with other artists you know it just takes you away from the everyday you know working with your...|on the show so i'm glad to be a part of the ladies night and we are performing tonight. it's always fun when you're working with other artists you know it just takes you away from the everyday you know working with your...
batch4_lefteye_1997_vmas_002|own artists and stuff. It's just like, you know, reaching out for some friends and stuff. What's going on with that? That is true. That is still up in there, you know.|own artists and stuff. it's just like, you know, reaching out for some friends and stuff. what's going on with that? that is true. that is still up in there, you know.
batch4_lefteye_1997_vmas_003|We've been negotiating with Dallas for about 10 months and we're having some problems with the cost of what he wants to charge us. So we don't know.|we've been negotiating with dallas for about 10 months and we're having some problems with the cost of what he wants to charge us. so we don't know.
batch4_lefteye_1997_vmas_004|I'm gonna work with him to perform. We'll be back next year, okay?|i'm gonna work with him to perform. we'll be back next year, okay?
batch4_lefteye_2001_mtv_supernova_promo_000|there's a variety of music on the album. Heavy, head-banging, you know, lyrics that I deliver on high. Name the album Supernova, because a supernova is a rare...|there's a variety of music on the album. heavy, head-banging, you know, lyrics that i deliver on high. name the album supernova, because a supernova is a rare...
batch4_lefteye_2001_mtv_supernova_promo_001|star and it increases its normal shine up to a billion times in brightness. So when I was recording this album, you know, it's very important to me that I read.|star and it increases its normal shine up to a billion times in brightness. so when i was recording this album, you know, it's very important to me that i read.
batch4_lefteye_2001_mtv_supernova_promo_002|as many people as I can through my music and through love and through healing. You know, so I want that same energy that I have and the same love that I put into my record from the CD and out of your speaker.|as many people as i can through my music and through love and through healing. you know, so i want that same energy that i have and the same love that i put into my record from the cd and out of your speaker.
batch4_lefteye_2001_mtv_supernova_promo_003|and into your system, you know. So when I recorded every song on the album, you know, no matter what I was talking about, whether it be a party track or a relationship track or just questioning our existence,|and into your system, you know. so when i recorded every song on the album, you know, no matter what i was talking about, whether it be a party track or a relationship track or just questioning our existence,
batch4_lefteye_2001_mtv_supernova_promo_004|I tried to do things from a very positive point of view because the PLC has achieved a lot, but In the future, you know outside of singing I would love to|i tried to do things from a very positive point of view because the plc has achieved a lot, but in the future, you know outside of singing i would love to
batch4_lefteye_2001_mtv_supernova_promo_005|there's just a lot of people in the world who are suffering they're sick they're not happy they're looking for answers they don't know where to turn well I know a man who's been|there's just a lot of people in the world who are suffering they're sick they're not happy they're looking for answers they don't know where to turn well i know a man who's been
batch4_lefteye_2001_mtv_supernova_promo_006|age since 1987. This guy has taught me a lot and I need to share my knowledge, you know, with the world. I mean, I don't think about what I want to do in 20 years.|age since 1987. this guy has taught me a lot and i need to share my knowledge, you know, with the world. i mean, i don't think about what i want to do in 20 years.
batch4_lefteye_2001_mtv_supernova_promo_007|I think about what I'm going to be doing in 200 years. You know, it's a manifestation of, you know, I believe, you know, we got some tough skin here. You know, all we have to do is learn how to take care.|i think about what i'm going to be doing in 200 years. you know, it's a manifestation of, you know, i believe, you know, we got some tough skin here. you know, all we have to do is learn how to take care.
batch4_lefteye_2001_mtv_supernova_promo_008|of it. You know, and that's the path that I'm on. So, you know, I hope to do a lot of great things. I personally do not believe in death.|of it. you know, and that's the path that i'm on. so, you know, i hope to do a lot of great things. i personally do not believe in death.
batch4_lefteye_2001_mtv_supernova_promo_009|You know, I believe in transformation for better lack of words. I do believe that there is an afterlife.|you know, i believe in transformation for better lack of words. i do believe that there is an afterlife.
batch4_lefteye_chilli_mtv_20years|to Japan and it's like you know that girl can dance, they look good they can dance, they can sing it's simple, stands out she's like man|to japan and it's like you know that girl can dance, they look good they can dance, they can sing it's simple, stands out she's like man
batch4_lefteye_funny_moments_compilation|I'm dancing on this video. I'm sorry. This is my video. You know what? I was looking at some pictures. First out. I came sorry. Some of them old pictures are cut.|i'm dancing on this video. i'm sorry. this is my video. you know what? i was looking at some pictures. first out. i came sorry. some of them old pictures are cut.
batch4_lefteye_mtv_style_2000_000|fun and jean as with the piece that i'm wearing now the favorites it is from our women's collection it is a mohair dress real when i put these dresses|fun and jean as with the piece that i'm wearing now the favorites it is from our women's collection it is a mohair dress real when i put these dresses
batch4_lefteye_mtv_style_2000_001|makes me feel like a teddy bear i would wear this dress to a club at night see we aim to give variety in our clothing line julie maharis style|makes me feel like a teddy bear i would wear this dress to a club at night see we aim to give variety in our clothing line julie maharis style
batch4_lefteye_mtv_style_2000_002|Kyle Young, he designed the pieces in the hallway. Very unique. I'd say of the three videos that TLC shot, the one that will reflect, you know, me the most would be...|kyle young, he designed the pieces in the hallway. very unique. i'd say of the three videos that tlc shot, the one that will reflect, you know, me the most would be...
batch4_lefteye_mtv_style_2000_003|no scrubs. I like the big ponytails. I like the colored hair. You know, I like to go there with the makeup.|no scrubs. i like the big ponytails. i like the colored hair. you know, i like to go there with the makeup.
batch4_lefteye_rare_home_footage_2002_000|The bush. I don't know what comes to your mind. This, my friends, is Studio 5. 5, alright? This is where we make the hits.|the bush. i don't know what comes to your mind. this, my friends, is studio 5. 5, alright? this is where we make the hits.
batch4_lefteye_rare_home_footage_2002_001|where you need to come when it's time for you to record your project we have the best going rates we have the best engineers we have the best equipment add something to that just|where you need to come when it's time for you to record your project we have the best going rates we have the best engineers we have the best equipment add something to that just
batch4_lefteye_rare_home_footage_2002_002|Cut it in, y'all don't even have the... When I say it's in the best house, was create this show for the children called. So these are just some of the friends.|cut it in, y'all don't even have the... when i say it's in the best house, was create this show for the children called. so these are just some of the friends.
batch4_lefteye_rare_home_footage_2002_003|Chef Dye's Kitchen and boy, we're going to have a good day.|chef dye's kitchen and boy, we're going to have a good day.
batch4_lefteye_talking_about_aaliyah|the way that she went because there's so many ways. I'm sure that there are people who are close.|the way that she went because there's so many ways. i'm sure that there are people who are close.
batch4_lefteye_trl_solo_album_2001_000|I don't like to set limitations and sometimes when you're in a group, you know, limitations are set because you like to respect everyone's, you know,|i don't like to set limitations and sometimes when you're in a group, you know, limitations are set because you like to respect everyone's, you know,
batch4_lefteye_trl_solo_album_2001_001|So, being a soul artist, I pretty much get to say whatever I want. In my album, you're gonna get a puzzle that comes in four pieces. Once you put it together, it forms a 12-sided ball called a dodecahedron.|so, being a soul artist, i pretty much get to say whatever i want. in my album, you're gonna get a puzzle that comes in four pieces. once you put it together, it forms a 12-sided ball called a dodecahedron.
batch4_lefteye_trl_solo_album_2001_002|Ron, it's a game. It's better than the eight ball. You have 12 sides in it. Tell her talent's short. It's a rap album, but there's definitely a lot of singing involved, and I'm actually doing some of the singing myself, which is something I don't do in...|ron, it's a game. it's better than the eight ball. you have 12 sides in it. tell her talent's short. it's a rap album, but there's definitely a lot of singing involved, and i'm actually doing some of the singing myself, which is something i don't do in...
batch4_lefteye_uk_choice_interview_oct2001_000|stands up for what I believe in. When TLC first started, we were happy.|stands up for what i believe in. when tlc first started, we were happy.
batch4_lefteye_uk_choice_interview_oct2001_001|Shortly after that, we had managerial problems. Then I had my legal problems, and things didn't seem to be quite so fun anymore.|shortly after that, we had managerial problems. then i had my legal problems, and things didn't seem to be quite so fun anymore.
batch4_lefteye_uk_choice_interview_oct2001_002|when we fought like sisters. At the end of the day, we're happy. I'm not...|when we fought like sisters. at the end of the day, we're happy. i'm not...
batch4_lefteye_uk_choice_interview_oct2001_003|wild person but if you're going to compare me to the other two group members you know I have probably had the|wild person but if you're going to compare me to the other two group members you know i have probably had the
batch4_lefteye_uk_choice_interview_oct2001_004|wildest statements. I have done a wild thing when Andre and I got into the house situation and the house burnt down you know.|wildest statements. i have done a wild thing when andre and i got into the house situation and the house burnt down you know.
batch4_lefteye_uk_choice_interview_oct2001_005|And I think people saw that. It's not frustrating at all for me to get the type of attention that I get when the house situation happened, when the media wrote certain things.|and i think people saw that. it's not frustrating at all for me to get the type of attention that i get when the house situation happened, when the media wrote certain things.
batch4_lefteye_uk_choice_interview_oct2001_006|things about me and I was labeled as being crazy. At the end of the day I did notice that it actually did help sell record. Unfortunately|things about me and i was labeled as being crazy. at the end of the day i did notice that it actually did help sell record. unfortunately
batch4_lefteye_uk_choice_interview_oct2001_007|T-Boz and Chili did not take me up on the challenge. You know, I wanted to do a three CD set where each of us did a solo album. And, um...|t-boz and chili did not take me up on the challenge. you know, i wanted to do a three cd set where each of us did a solo album. and, um...
batch4_lefteye_uk_choice_interview_oct2001_008_reseg00_fsplit00|We included it in one package and They didn't take me up on it. I didn't miss the girls when I did my solo project at all|we included it in one package and they didn't take me up on it. i didn't miss the girls when i did my solo project at all
batch4_lefteye_uk_choice_interview_oct2001_008_reseg00_fsplit01|I had been looking forward to doing a solo project since the birth of TLC. I would love to do another song with Mel C, this time being on my project. There's a song that...|i had been looking forward to doing a solo project since the birth of tlc. i would love to do another song with mel c, this time being on my project. there's a song that...
batch4_lefteye_uk_choice_interview_oct2001_008_reseg00_fsplit02|I think that she's appropriate for, I will definitely send it to her. I see some comparisons between TLC and Destiny's Child. It seems like there's...|i think that she's appropriate for, i will definitely send it to her. i see some comparisons between tlc and destiny's child. it seems like there's...
batch4_lefteye_uk_interview_oct2001_000|what I put into it is really what I'm going to get out of it. I know how energy works and you know for the things that I say because there are a lot of children and I've ever wanted to do was help people.|what i put into it is really what i'm going to get out of it. i know how energy works and you know for the things that i say because there are a lot of children and i've ever wanted to do was help people.
batch4_lefteye_uk_interview_oct2001_001|And when we recorded the album, we just did a lot of experimentation. So there were some songs that I made.|and when we recorded the album, we just did a lot of experimentation. so there were some songs that i made.
batch4_lefteye_uk_interview_oct2001_002|Sometimes you just never know it so 80 of songs on a variety of topics and at the end of the day I just said I don't comfortable with that being on album. This can't go on album, you know|sometimes you just never know it so 80 of songs on a variety of topics and at the end of the day i just said i don't comfortable with that being on album. this can't go on album, you know
batch4_lefteye_uk_interview_oct2001_003|between me and my anarch I was like the song is hot everybody loves it and then all of my messages had sort of like an uplifting feel to them|between me and my anarch i was like the song is hot everybody loves it and then all of my messages had sort of like an uplifting feel to them
batch4_lefteye_uk_interview_oct2001_004|Cleansing period in my life and I learned a lot about food, a lot about herbs, a lot about the body, a lot about energy and all of these things can help people. A lot of sick people in the world, a lot of people who are struggling and suffering.|cleansing period in my life and i learned a lot about food, a lot about herbs, a lot about the body, a lot about energy and all of these things can help people. a lot of sick people in the world, a lot of people who are struggling and suffering.
batch4_lefteye_uk_interview_oct2001_005|They're just not happy. And I used to wish that my life would end, you know, if I was 20, I would say, oh, I can't stand it.|they're just not happy. and i used to wish that my life would end, you know, if i was 20, i would say, oh, i can't stand it.
batch4_lefteye_uk_interview_oct2001_006|I don't know if I'm going to live to be another 20 years. I can't go through another 20 years of what I've been through. You know, my mom would look at me and say, oh, I'm so sad to hear you say that.|i don't know if i'm going to live to be another 20 years. i can't go through another 20 years of what i've been through. you know, my mom would look at me and say, oh, i'm so sad to hear you say that.
batch4_lefteye_uk_interview_oct2001_007|And if you don't know what it feels like to be happy, you don't know what you don't know.|and if you don't know what it feels like to be happy, you don't know what you don't know.
batch4_lefteye_uk_interview_oct2001_008|I just want to make music and I want to do a lot of things, you know, that are going to really inspire the reality of their lives.|i just want to make music and i want to do a lot of things, you know, that are going to really inspire the reality of their lives.
batch4_lefteye_uk_interview_oct2001_009|Changing, I'm going through a major transformation period right now. And I'm not left eye anymore. I'm only left eye with TLC.|changing, i'm going through a major transformation period right now. and i'm not left eye anymore. i'm only left eye with tlc.
batch4_lefteye_uk_interview_oct2001_010|I'm supernova. I got to find a way to separate myself from the group. So next time you guys see me, I won't.|i'm supernova. i got to find a way to separate myself from the group. so next time you guys see me, i won't.
batch4_lefteye_uk_interview_oct2001_011|Me is going to release a solo project. She's going to wait until after the TLC album and Tiawn, T-Boz.|me is going to release a solo project. she's going to wait until after the tlc album and tiawn, t-boz.
batch4_lefteye_uk_interview_oct2001_012|She is thinking about doing one, but you know sometimes you never know which way things are gonna go but fortunately|she is thinking about doing one, but you know sometimes you never know which way things are gonna go but fortunately
batch4_lefteye_uk_interview_oct2001_013|you know, we're actually happy to be back in the studio. See, and I tried to do one about four years ago, but unfortunately...|you know, we're actually happy to be back in the studio. see, and i tried to do one about four years ago, but unfortunately...
batch4_lefteye_uk_interview_oct2001_014|It didn't work, but everything happens for a reason. We decided to put the fan mail project out and to wait until after that to do the solo album.|it didn't work, but everything happens for a reason. we decided to put the fan mail project out and to wait until after that to do the solo album.
batch4_lefteye_uk_interview_oct2001_015|So, you know, it's finally able to get to that get around to it|so, you know, it's finally able to get to that get around to it
batch4_lisa_interview_short_000|say because there are a lot of children. The only thing I've ever wanted to do was help people. There's a lot of sick people in me used to wish that my life would end.|say because there are a lot of children. the only thing i've ever wanted to do was help people. there's a lot of sick people in me used to wish that my life would end.
batch4_lisa_interview_short_001|If I was 20, I would say, oh, I can't stand it. I don't know if I'm going to live to be another 20 years. I can't go through another 20 years of what I've been through.|if i was 20, i would say, oh, i can't stand it. i don't know if i'm going to live to be another 20 years. i can't go through another 20 years of what i've been through.
batch4_lisa_interview_short_002|You know, my mom would look at me and say, oh, I'm so sad to hear you say that. And if you don't know what it feels like to be happy, no, you know, so it's like there's no hope.|you know, my mom would look at me and say, oh, i'm so sad to hear you say that. and if you don't know what it feels like to be happy, no, you know, so it's like there's no hope.
batch4_lisa_interview_short_003|but um doesn't really have to. I just want to make music and I want to do a lot of things you know.|but um doesn't really have to. i just want to make music and i want to do a lot of things you know.
batch4_lisa_spiritual_journey_supernova_2001_000|I guess the proudest thing in my career is the overall success of TLC. And our fair share of.|i guess the proudest thing in my career is the overall success of tlc. and our fair share of.
batch4_lisa_spiritual_journey_supernova_2001_001|turmoil and experiences and I think we've done a pretty good job at sticking together at the end of the day. I grew up in a home where there were so many restrictions that by the time I got on the street I was just...|turmoil and experiences and i think we've done a pretty good job at sticking together at the end of the day. i grew up in a home where there were so many restrictions that by the time i got on the street i was just...
batch4_lisa_spiritual_journey_supernova_2001_002|I don't know, I just, I was drinking. So that, one day I just woke up and said, oh, I can't take this anymore. I can't get it anymore.|i don't know, i just, i was drinking. so that, one day i just woke up and said, oh, i can't take this anymore. i can't get it anymore.
batch4_lisa_spiritual_journey_supernova_2001_003|I gotta find me. And now that I have found me, the same me that I used to, um, that I remembered from being a child.|i gotta find me. and now that i have found me, the same me that i used to, um, that i remembered from being a child.
batch4_lisa_spiritual_journey_supernova_2001_004|You know, I feel a sense of peace and I like the way it feels. I am a person who is...|you know, i feel a sense of peace and i like the way it feels. i am a person who is...
batch4_lisa_spiritual_journey_supernova_2001_005|Along my search, I know that there are a lot of things that I, one of those things are to definitely improve the quality of life in my life. This group, TLC, and I'm doing my solo record and we've been so successful.|along my search, i know that there are a lot of things that i, one of those things are to definitely improve the quality of life in my life. this group, tlc, and i'm doing my solo record and we've been so successful.
batch4_lisa_spiritual_journey_supernova_2001_006|platform than to reach out to others and give them words of encouragement.|platform than to reach out to others and give them words of encouragement.
batch4_lisa_spiritual_journey_supernova_2001_007|So, I definitely do want to use my music and my popularity to reach out.|so, i definitely do want to use my music and my popularity to reach out.
batch4_lisa_spiritual_journey_supernova_2001_008|There's a few tracks that are close to me on the album. One is Let Me Live because of the message in it.|there's a few tracks that are close to me on the album. one is let me live because of the message in it.
batch4_lisa_spiritual_journey_supernova_2001_009|you know and I want to live for a long time so that's perfect you know to me usually it takes me a minute to write but that one just|you know and i want to live for a long time so that's perfect you know to me usually it takes me a minute to write but that one just
batch4_lisa_spiritual_journey_supernova_2001_010|it just seemed to flow. I just started writing it out, you know, because it was so personal.|it just seemed to flow. i just started writing it out, you know, because it was so personal.
batch4_lisa_spiritual_journey_supernova_2001_011|Most of the songs are personal, but I think those are probably two of the most personal. And the Tupac song, I like that. Yeah, it did feel real.|most of the songs are personal, but i think those are probably two of the most personal. and the tupac song, i like that. yeah, it did feel real.
batch4_lisa_spiritual_journey_supernova_2001_012|recording that song with him and um that were on the track that you you guys don't hear because I didn't put him on the track and some of the stuff he said was just|recording that song with him and um that were on the track that you you guys don't hear because i didn't put him on the track and some of the stuff he said was just
batch4_lisa_spiritual_journey_supernova_2001_013|sounds like you said them today some things i can't even put on and i do believe that|sounds like you said them today some things i can't even put on and i do believe that
batch4_lisa_spiritual_journey_supernova_2001_014|Your life is defined by what you believe in. I'm sure that there are people who are close to Aaliyah who will definitely feel her presence.|your life is defined by what you believe in. i'm sure that there are people who are close to aaliyah who will definitely feel her presence.
batch4_lisa_spiritual_journey_supernova_2001_015|even though she's not here in this physical realm. Music can be very healing. And I hope that when people listen to my album,|even though she's not here in this physical realm. music can be very healing. and i hope that when people listen to my album,
batch4_lisa_spiritual_journey_supernova_2001_016|that it gives them a very good feeling situation they may be in and everyone just wants to have a great time.|that it gives them a very good feeling situation they may be in and everyone just wants to have a great time.
batch4_lisa_spiritual_journey_supernova_2001_017|You know, I hope that people can put my album in and just listen to it from top to bottom and feel good.|you know, i hope that people can put my album in and just listen to it from top to bottom and feel good.
batch4_lisa_success_of_csc_000|I did not know that our album was going to do as big as it did. Number one, I had a problem because I was, I wasn't.|i did not know that our album was going to do as big as it did. number one, i had a problem because i was, i wasn't.
batch4_lisa_success_of_csc_001|on the album as much as I would have liked to have been. And so that was my problem. That was my purpose.|on the album as much as i would have liked to have been. and so that was my problem. that was my purpose.
batch4_lisa_success_of_csc_002|personal problems with the project. So I made the album and what it would do. But you know, no one around us really expect the album to do|personal problems with the project. so i made the album and what it would do. but you know, no one around us really expect the album to do
batch4_lisa_success_of_csc_003|good as it did nobody i mean you know the face records were they were guesstimating five million arista was saying about the same thing|good as it did nobody i mean you know the face records were they were guesstimating five million arista was saying about the same thing
batch4_lisa_success_of_csc_004|And when we came out, it blew up. And I know it had much more to do with, you know, it had.|and when we came out, it blew up. and i know it had much more to do with, you know, it had.
batch4_lisa_success_of_csc_005|much more to do with just music they may have been five top ten singles but|much more to do with just music they may have been five top ten singles but
batch4_lisa_success_of_csc_006|like TLC knows how to breathe life into songs, whereas another group could record the same song and it just does not have the same kind of effect because...|like tlc knows how to breathe life into songs, whereas another group could record the same song and it just does not have the same kind of effect because...
batch4_lisa_success_of_csc_007|I guess when people look at TLC, they see something that's authentic and they can.|i guess when people look at tlc, they see something that's authentic and they can.
batch4_lisa_success_of_csc_008_reseg00_fsplit00|reflect on the personal problems that we have or even if they're not problems personal things that we go through and it it goes with the music we're authentic you know we speak|reflect on the personal problems that we have or even if they're not problems personal things that we go through and it it goes with the music we're authentic you know we speak
batch4_lisa_success_of_csc_008_reseg00_fsplit01|in the heart and you know it because you've seen us outside of the group.|in the heart and you know it because you've seen us outside of the group.
batch4_lisa_writing_waterfalls_000|and they played me the song. I instantly liked it. I instantly thought it was a hit. I loved it, so I took it back with me.|and they played me the song. i instantly liked it. i instantly thought it was a hit. i loved it, so i took it back with me.
batch4_lisa_writing_waterfalls_001|to the to the um to get back to to the try to preach for where i was staying at and um i began to write my rap and the next day i had one more six hour pass to where i could go to the studio|to the to the um to get back to to the try to preach for where i was staying at and um i began to write my rap and the next day i had one more six hour pass to where i could go to the studio
batch4_lisa_writing_waterfalls_002|and lay the rap down. But when I was writing it, you know, the first thing I said was, I seen a rainbow yesterday. You know, and I just started reflecting on my life as if it was a storm.|and lay the rap down. but when i was writing it, you know, the first thing i said was, i seen a rainbow yesterday. you know, and i just started reflecting on my life as if it was a storm.
batch4_lisa_writing_waterfalls_003|You know, and how, like, too many storms have come and gone, and they don't even leave a trace of...|you know, and how, like, too many storms have come and gone, and they don't even leave a trace of...
batch4_lisa_writing_waterfalls_004|sunlight God's given rays it's just like when it rains and pours everything's bad so hey I wrote that song from my heart I don't know what inspired um|sunlight god's given rays it's just like when it rains and pours everything's bad so hey i wrote that song from my heart i don't know what inspired um
batch4_lisa_writing_waterfalls_005|Marquez to write the song but hey came out turned out to be our biggest hit and it was my favorite song for more reasons|marquez to write the song but hey came out turned out to be our biggest hit and it was my favorite song for more reasons
batch4_mobo_awards_press_conference_2001_000|The person who has really impressed me was the person that I was introduced to for the very first time when I hosted last year, that was Craig David. Now, he had not yet been introduced to the United States.|the person who has really impressed me was the person that i was introduced to for the very first time when i hosted last year, that was craig david. now, he had not yet been introduced to the united states.
batch4_mobo_awards_press_conference_2001_001|as of then, but since then he has and people are taking very well to Craig David. He's doing really good all over.|as of then, but since then he has and people are taking very well to craig david. he's doing really good all over.
batch4_mtv_manicures_tlc_1994_000|Well, we don't have much to work with. Doesn't really matter at this point. I guess you can go around. I'll say it, but never make it.|well, we don't have much to work with. doesn't really matter at this point. i guess you can go around. i'll say it, but never make it.
batch4_mtv_manicures_tlc_1994_001|You know, this is the second time I ever got my nails done. And the first time I got them done, they came off the next day.|you know, this is the second time i ever got my nails done. and the first time i got them done, they came off the next day.
batch4_mtv_manicures_tlc_1994_002|inside joke the first time I know I know I know I'm about to get in there|inside joke the first time i know i know i know i'm about to get in there
batch4_mtv_manicures_tlc_1994_003|We don't go out to get our nails done. This is a little face treat. Julie gets her nails and her toes done all the time.|we don't go out to get our nails done. this is a little face treat. julie gets her nails and her toes done all the time.
batch4_mtv_manicures_tlc_1994_004|Me, like I said again, this is my second. Let me tell you about it. So would you like to see? No. What are you talking about? No.|me, like i said again, this is my second. let me tell you about it. so would you like to see? no. what are you talking about? no.
batch4_mtv_manicures_tlc_1994_005|There she is right there quick. Marie got me with the new style. Hold outside. My hearse is on my head.|there she is right there quick. marie got me with the new style. hold outside. my hearse is on my head.
batch4_mtv_manicures_tlc_1994_006|Yeah. The image always has to change to keep everybody on their toes. You know, if we stay too much the same, it's going to get tired. We got to switch up. Boring.|yeah. the image always has to change to keep everybody on their toes. you know, if we stay too much the same, it's going to get tired. we got to switch up. boring.
batch4_mtv_manicures_tlc_1994_007|We gotta show people that, oh man, look what they got this time. We don't want anyone to think they know what we're coming out with next. Expect things.|we gotta show people that, oh man, look what they got this time. we don't want anyone to think they know what we're coming out with next. expect things.
batch4_mtv_manicures_tlc_1994_008|So, you know, I guess this is just what we chose to go with. And sometimes we don't even know what we're going to go with. We surprise ourselves. It's just taking away. If I ever have to kind of do it, they grow up and then the sides start curling up.|so, you know, i guess this is just what we chose to go with. and sometimes we don't even know what we're going to go with. we surprise ourselves. it's just taking away. if i ever have to kind of do it, they grow up and then the sides start curling up.
batch4_mtv_manicures_tlc_1994_009|That's my nails like platypus fingers But they're straight, you know, and then I play the piano so who needs a second album?|that's my nails like platypus fingers but they're straight, you know, and then i play the piano so who needs a second album?
batch4_mtv_manicures_tlc_1994_010|And I thought about Ooh on a TLC tip, which was the name of the first album. So I was like, well, damn, if I could just come up with one word for that, what would that be?|and i thought about ooh on a tlc tip, which was the name of the first album. so i was like, well, damn, if i could just come up with one word for that, what would that be?
batch4_mtv_manicures_tlc_1994_011|the word be and i still didn't know what the word was they say she's cool but you know i see tion sometimes trying to get left with me you know they say i'm crazy but i'm cool as hell|the word be and i still didn't know what the word was they say she's cool but you know i see tion sometimes trying to get left with me you know they say i'm crazy but i'm cool as hell
batch4_mtv_manicures_tlc_1994_012|so we are crazy so I just played and that's how it came to be|so we are crazy so i just played and that's how it came to be
batch4_mtv_manicures_tlc_1994_013|And then I said, ooh, y'all like that? And he was like, yeah. And we said it's going to be the name of the second album. That was before we started recording the second album. So before we started recording the second album, we went into what.|and then i said, ooh, y'all like that? and he was like, yeah. and we said it's going to be the name of the second album. that was before we started recording the second album. so before we started recording the second album, we went into what.
batch4_mtv_manicures_tlc_1994_014|with the producers and we told them we have an idea crazy sexy cool and we want everything to be around this concept of crazy sexy cool|with the producers and we told them we have an idea crazy sexy cool and we want everything to be around this concept of crazy sexy cool
batch4_mtv_manicures_tlc_1994_015|image, music, and what it really means is we can just do anything. You know, I mean, and we had to learn a lot. Where's the dictionary? Let's look up the word real.|image, music, and what it really means is we can just do anything. you know, i mean, and we had to learn a lot. where's the dictionary? let's look up the word real.
batch4_mtv_manicures_tlc_1994_016|Yeah. You know what I'm saying? We never did that. We should. Exactly. No. And mine's over here. Mine's one different.|yeah. you know what i'm saying? we never did that. we should. exactly. no. and mine's over here. mine's one different.
batch4_tlc_1995_mtv_movie_awards|at the Atlanta Coca-Cola Music Awards. Okay. In 95, you will...|at the atlanta coca-cola music awards. okay. in 95, you will...
batch4_tlc_fanmail_fan_interview_1999_000|Sit down. Did they prep you? Did they tell you to say that? I'm a fan mail. What we decided to do is dedicate the third album to the fans. Let them know that we got your mail.|sit down. did they prep you? did they tell you to say that? i'm a fan mail. what we decided to do is dedicate the third album to the fans. let them know that we got your mail.
batch4_tlc_fanmail_fan_interview_1999_001|And this is sort of like our letter back to all of the fans, except it's an audio form, it's an album. So, you know, if you open it up, if you are one of the lucky ones.|and this is sort of like our letter back to all of the fans, except it's an audio form, it's an album. so, you know, if you open it up, if you are one of the lucky ones.
batch4_tlc_fanmail_fan_interview_1999_002|your name will be on the CD jacket as you open it up. There's a lot of names. We couldn't fit them all, but we just wanted to say thank you to all the fans who supported us throughout the year.|your name will be on the cd jacket as you open it up. there's a lot of names. we couldn't fit them all, but we just wanted to say thank you to all the fans who supported us throughout the year.
batch4_tlc_fanmail_fan_interview_1999_003|Usually I'm riding down the street, not even thinking about TLC and something just goes. This was our first night on tour. Never performed. Never, not as proud like that.|usually i'm riding down the street, not even thinking about tlc and something just goes. this was our first night on tour. never performed. never, not as proud like that.
batch4_tlc_fanmail_fan_interview_1999_004|It was 16,000 acts like she's never nervous, but her eyes are this big. And believe it or not, you guys have done the same thing for us. That's why we dedicated all of this stuff to the fans.|it was 16,000 acts like she's never nervous, but her eyes are this big. and believe it or not, you guys have done the same thing for us. that's why we dedicated all of this stuff to the fans.
batch4_tlc_fanmail_fan_interview_1999_005|And we were picked on in school. She's an outstanding mother. I mean, woo, she ain't having it.|and we were picked on in school. she's an outstanding mother. i mean, woo, she ain't having it.
batch4_tlc_fanmail_fan_interview_1999_006|don't speak a certain way around me. She's trying to raise a shorty. Right. And then you teach them some little ghetto sayings. Of course. I mean, you can look at my... They're gonna learn how to do for they souls quick.|don't speak a certain way around me. she's trying to raise a shorty. right. and then you teach them some little ghetto sayings. of course. i mean, you can look at my... they're gonna learn how to do for they souls quick.
batch4_tlc_grammy_rehearsal_2000|and she know she ate and this is my breakfast but i was feeling even if we don't win we're going to|and she know she ate and this is my breakfast but i was feeling even if we don't win we're going to
batch4_tlc_tmf_dutch_interview_1999_000|Very comfortable being at home. It was a decision that was made by a twin husband.|very comfortable being at home. it was a decision that was made by a twin husband.
batch4_tlc_tmf_dutch_interview_1999_001|was it released like yeah February as a comeback song we thought that it was the song that um|was it released like yeah february as a comeback song we thought that it was the song that um
batch4_tlc_tmf_dutch_interview_1999_002|you got it the quickest. It was probably the catchiest. You could listen to it one time and you know that.|you got it the quickest. it was probably the catchiest. you could listen to it one time and you know that.
batch4_tlc_tmf_dutch_interview_1999_003|Yeah, the style on the second video, which is unpretty, is a little bit different than the first video. And this album, Fan Mail, is very universal.|yeah, the style on the second video, which is unpretty, is a little bit different than the first video. and this album, fan mail, is very universal.
batch4_tlc_tmf_dutch_interview_1999_004|And there's a variety of styles of music on the album and you'll see a variety of styles of, you know, as we do these videos. So the clothing and the image.|and there's a variety of styles of music on the album and you'll see a variety of styles of, you know, as we do these videos. so the clothing and the image.
batch4_tlc_tmf_dutch_interview_1999_005|The song will set the tone for the image and unpretty. I mean, just picture like fields of flowers and real flowy material and mecca in the States, in the United States.|the song will set the tone for the image and unpretty. i mean, just picture like fields of flowers and real flowy material and mecca in the states, in the united states.
batch4_tlc_tmf_dutch_interview_1999_006|It all started, I mean, it really started to blow up about 10 years ago. L.A. Reading Babyface opened up the label and so did Bobby Brown. And they started signing acts and TLC came out.|it all started, i mean, it really started to blow up about 10 years ago. l.a. reading babyface opened up the label and so did bobby brown. and they started signing acts and tlc came out.
batch4_tlc_tmf_dutch_interview_1999_007|Crisscross, Arrested Development, those were probably the first three to really bring the attention to Atlanta. And from there...|crisscross, arrested development, those were probably the first three to really bring the attention to atlanta. and from there...
batch4_tlc_tmf_dutch_interview_1999_008|Man, I mean, everyone just started moving to Atlanta and, you know, signing the talent. There's a lot of good opportunities here.|man, i mean, everyone just started moving to atlanta and, you know, signing the talent. there's a lot of good opportunities here.
batch4_tlc_tmf_dutch_interview_1999_009|personal that's easy for me my personal favorite favorite is unpretty that is your oh yes your thing that's my favorite you're too|personal that's easy for me my personal favorite favorite is unpretty that is your oh yes your thing that's my favorite you're too
batch4_tlc_waterfalls_bts_1995|That's where they shot jaws too. Something like that pull from there. It's gonna be really nice.|that's where they shot jaws too. something like that pull from there. it's gonna be really nice.
confirmed_chunk_00_000|So, I mean, that's not where we get the sounds from. But anyway, I mean, there's plenty of places that we get. Sounds or it has moved into a new direction. It's...|so, i mean, that's not where we get the sounds from. but anyway, i mean, there's plenty of places that we get. sounds or it has moved into a new direction. it's...
confirmed_chunk_00_001|you think you can make some quick money and get out of it. You know, with anything that you do, you've got to know the business. You've got to purchase with all kinds of sounds on themselves. I mean, unless this is what you love to do.|you think you can make some quick money and get out of it. you know, with anything that you do, you've got to know the business. you've got to purchase with all kinds of sounds on themselves. i mean, unless this is what you love to do.
confirmed_chunk_00_002|get the sounds from. We actually pull some of them from movies, some of them from soundtracks. Like anything, then don't even mess with. It's not one of those things where you jump in and you're like, oh, I'm so sorry.|get the sounds from. we actually pull some of them from movies, some of them from soundtracks. like anything, then don't even mess with. it's not one of those things where you jump in and you're like, oh, i'm so sorry.
confirmed_chunk_00_003|The music that we've been putting out has a lot of computer generated sounds in it. Basically, music period. You know, not just hip hop.|the music that we've been putting out has a lot of computer generated sounds in it. basically, music period. you know, not just hip hop.
confirmed_chunk_00_004|and there's plenty of sound cards, you know, that you can... It runs in cycles. So, I mean, right now, what...|and there's plenty of sound cards, you know, that you can... it runs in cycles. so, i mean, right now, what...
confirmed_chunk_00_005|You know the nature of what you're doing, you have to do your homework, you have to understand it. You know to be successful. It's moving somewhere where it has evolved from and been before, you know, so it doesn't really change.|you know the nature of what you're doing, you have to do your homework, you have to understand it. you know to be successful. it's moving somewhere where it has evolved from and been before, you know, so it doesn't really change.
confirmed_chunk_00_006|It just probably new dimensions, but it works in cycles. So though it may seem like there's new...|it just probably new dimensions, but it works in cycles. so though it may seem like there's new...
confirmed_chunk_00_007|tonight? Yeah, XA had a very good time at the show right now. I'm just wandering around. We want to tell everybody and then there's 10% who do and they don't want the other 85% to know.|tonight? yeah, xa had a very good time at the show right now. i'm just wandering around. we want to tell everybody and then there's 10% who do and they don't want the other 85% to know.
confirmed_chunk_00_008|to find themselves and find out what their purpose is and to fulfill it. Now, who is part of that 5%, I think everyone is sitting here on a mission, a mission to|to find themselves and find out what their purpose is and to fulfill it. now, who is part of that 5%, i think everyone is sitting here on a mission, a mission to
confirmed_chunk_00_009|Not a lot of money when the record company has spent $3 million to record your album. And in the line. And I need to share my knowledge with the world. I mean, I don't.|not a lot of money when the record company has spent $3 million to record your album. and in the line. and i need to share my knowledge with the world. i mean, i don't.
confirmed_chunk_00_010|that if you set a goal and you follow the path. You know, record business, we pay all costs back to the record company. We pay|that if you set a goal and you follow the path. you know, record business, we pay all costs back to the record company. we pay
confirmed_chunk_00_011|I don't know which one it was, but I just know. Recording costs, video costs. So now we have $2.6 million.|i don't know which one it was, but i just know. recording costs, video costs. so now we have $2.6 million.
confirmed_chunk_01_000|crowd, you know, trying to enjoy the after party. I wanted to ask you about, uh... Kind of cocky. Okay. There are 100 points on the album. TLC had...|crowd, you know, trying to enjoy the after party. i wanted to ask you about, uh... kind of cocky. okay. there are 100 points on the album. tlc had...
confirmed_chunk_01_001|oh man I don't know it because there's faint percent 85% you know they don't know what's going on 5% do|oh man i don't know it because there's faint percent 85% you know they don't know what's going on 5% do
confirmed_chunk_01_002|and there's destiny you know I'm saying it's like fate happens and death dollars left well guess what when you have that much money you're in about the 40|and there's destiny you know i'm saying it's like fate happens and death dollars left well guess what when you have that much money you're in about the 40
confirmed_chunk_01_003|it's normal shine up to a billion times in brightness. So when I was recording... And everyone, get ready to do your math. When we first started out...|it's normal shine up to a billion times in brightness. so when i was recording... and everyone, get ready to do your math. when we first started out...
confirmed_chunk_01_004|We were cruising into your system, you know, so when I recorded every song on the album, you know, no matter what I... He accomplished a great deal while he was here, and, um...|we were cruising into your system, you know, so when i recorded every song on the album, you know, no matter what i... he accomplished a great deal while he was here, and, um...
confirmed_chunk_01_005|I'm supernova because the supernova is it's a rare star and it increased tears that we sat in.|i'm supernova because the supernova is it's a rare star and it increased tears that we sat in.
confirmed_chunk_01_006|I look at the way his life I just I was I was drinking so that fueled a lot of situations. To me is what you choose for yourself so.|i look at the way his life i just i was i was drinking so that fueled a lot of situations. to me is what you choose for yourself so.
confirmed_chunk_01_007|the way he left here. Seven times eight, 56 cents. But as time went on, we burned a lot of records. Five points.|the way he left here. seven times eight, 56 cents. but as time went on, we burned a lot of records. five points.
confirmed_chunk_01_008|$6 million. Seems like a lot of money. Well, it's nuts. That means every time an album gets sold, TLC gets $0.56. So 10 million more things that I would love to do in the future.|$6 million. seems like a lot of money. well, it's nuts. that means every time an album gets sold, tlc gets $0.56. so 10 million more things that i would love to do in the future.
confirmed_chunk_01_009|You know, outside of singing, I would love to... I guess the proudest thing in my career is the overall success of TLC.|you know, outside of singing, i would love to... i guess the proudest thing in my career is the overall success of tlc.
confirmed_chunk_01_010|um, 748.49% tax bracket. So that immediately gets deducted to one. So it's done all the time.|um, 748.49% tax bracket. so that immediately gets deducted to one. so it's done all the time.
confirmed_chunk_01_011|Me, like I said again, this is my second. I was talking about whether it be a party track or a relationship track or just questioning our... We gotta switch up. ...boring.|me, like i said again, this is my second. i was talking about whether it be a party track or a relationship track or just questioning our... we gotta switch up. ...boring.
confirmed_chunk_01_012|We gotta tell people that, oh man, look what they got this time. We don't want... I grew up in a home where there were so many restrictions that by the time I got on the street, I was just...|we gotta tell people that, oh man, look what they got this time. we don't want... i grew up in a home where there were so many restrictions that by the time i got on the street, i was just...
confirmed_chunk_02_000|album you know it's very important to me that I reach as many people as I can through my music for better lack of words I do believe that there is an afterlife|album you know it's very important to me that i reach as many people as i can through my music for better lack of words i do believe that there is an afterlife
confirmed_chunk_02_001|And it was weird. It was a very weird experience because I am a person who is|and it was weird. it was a very weird experience because i am a person who is
confirmed_chunk_02_002|still searching. And you're gonna have to take me to the shooting range so I can learn how to shoot, because I don't want to be. We almost clashed.|still searching. and you're gonna have to take me to the shooting range so i can learn how to shoot, because i don't want to be. we almost clashed.
confirmed_chunk_02_003|both Gemini's and it was almost like four people being Trust me you can sell 10 million hours and be broke and I'm on so you know I hope you do a lot of great things well um|both gemini's and it was almost like four people being trust me you can sell 10 million hours and be broke and i'm on so you know i hope you do a lot of great things well um
confirmed_chunk_02_004|Let's see, if you do want to go out and get a gun, if it's seven, every point is equal to eight cents. All right? In a dangerous situation, have a gun and it backfire on me.|let's see, if you do want to go out and get a gun, if it's seven, every point is equal to eight cents. all right? in a dangerous situation, have a gun and it backfire on me.
confirmed_chunk_02_005|Where do I start? Let's see, I think that, uh... Watch her. I take a lot of pointers from her.|where do i start? let's see, i think that, uh... watch her. i take a lot of pointers from her.
confirmed_chunk_02_006|If that makes you feel more comfortable then I'm here to support you 100%. $300,000. I can buy a nice house with that.|if that makes you feel more comfortable then i'm here to support you 100%. $300,000. i can buy a nice house with that.
confirmed_chunk_02_007|And what am I gonna pay my voice has to change to keep everybody on their toes, you know if we stay too much the same it's gonna get tired positive message because|and what am i gonna pay my voice has to change to keep everybody on their toes, you know if we stay too much the same it's gonna get tired positive message because
confirmed_chunk_02_008|I look at it like this. What I put into it is really... You got about $300,000. It's that much. Okay? When I was six, I got hit by a truck.|i look at it like this. what i put into it is really... you got about $300,000. it's that much. okay? when i was six, i got hit by a truck.
confirmed_chunk_02_009|and the truck driver was... I'll say it, but never make it. You know, this is the second time I ever got my nails done. $1.3 million. Then you split the rest three ways. And you ever want anyone to...|and the truck driver was... i'll say it, but never make it. you know, this is the second time i ever got my nails done. $1.3 million. then you split the rest three ways. and you ever want anyone to...
confirmed_chunk_02_010|think they know what we're coming out with next, expecting. You know, I am a strong believer in that your life toughs in here. You know, all we have to do is learn how to take care of it. You know, and that's the path.|think they know what we're coming out with next, expecting. you know, i am a strong believer in that your life toughs in here. you know, all we have to do is learn how to take care of it. you know, and that's the path.
confirmed_chunk_03_000|I tried to do things from a very positive point of view because there's always more at the end of the day, you know, coming together. So I'm pretty proud of that.|i tried to do things from a very positive point of view because there's always more at the end of the day, you know, coming together. so i'm pretty proud of that.
confirmed_chunk_03_001|I don't just think about what I want to do in 20 years, I think about what I'm going to be doing in 220 years. Recording but sometimes you just never know how the song is going to come out until you do it. Nails like platypus.|i don't just think about what i want to do in 20 years, i think about what i'm going to be doing in 220 years. recording but sometimes you just never know how the song is going to come out until you do it. nails like platypus.
confirmed_chunk_03_002|fingers They're straight. The thing about that is everyone has decisions that they have to make in life. Everyone has the power. Variety of songs.|fingers they're straight. the thing about that is everyone has decisions that they have to make in life. everyone has the power. variety of songs.
confirmed_chunk_03_003|on a variety of topics and at the end of the day I decided I don't feel comfortable with that. We just did a lot of experimentation so there were some songs that I didn't even feel comfortable.|on a variety of topics and at the end of the day i decided i don't feel comfortable with that. we just did a lot of experimentation so there were some songs that i didn't even feel comfortable.
confirmed_chunk_03_004|Terrible experiences and I think we've done a pretty good job at sticking together. I've heard people say you just have to make the right choices if you do decide to have this gun.|terrible experiences and i think we've done a pretty good job at sticking together. i've heard people say you just have to make the right choices if you do decide to have this gun.
confirmed_chunk_03_005|your possession. Let me see, um, we're very similar.|your possession. let me see, um, we're very similar.
confirmed_chunk_03_006|Similar to the point where we're of choice. So, and there are consequences to your choices. So, if you do good things... Well, we don't have much to work with.|similar to the point where we're of choice. so, and there are consequences to your choices. so, if you do good things... well, we don't have much to work with.
confirmed_chunk_03_007|Um, doesn't really matter at this point. I guess you can go around.|um, doesn't really matter at this point. i guess you can go around.
confirmed_chunk_03_008|put into my record to bleed from the CD and out of your speaker. It was a little weird being in the presence of Tupac and|put into my record to bleed from the cd and out of your speaker. it was a little weird being in the presence of tupac and
confirmed_chunk_03_009|Everybody loves us. I can't put a song out talking about pimping and you know so oh yes yes.|everybody loves us. i can't put a song out talking about pimping and you know so oh yes yes.
confirmed_chunk_03_010|Um, she's my idol. I venture off into healing. There's just a lot of people in the world. It's very...|um, she's my idol. i venture off into healing. there's just a lot of people in the world. it's very...
confirmed_chunk_03_011|doable you know I believe you know we got heavy head-banging you know lyrics that I deliver on high name you know it's a manifestation of your belief and|doable you know i believe you know we got heavy head-banging you know lyrics that i deliver on high name you know it's a manifestation of your belief and
confirmed_chunk_03_012|He got to know my family and everything was well.|he got to know my family and everything was well.
confirmed_chunk_04_000|and I one day I just woke up and said oh I can't take this anymore|and i one day i just woke up and said oh i can't take this anymore
confirmed_chunk_04_001|And I thought about ooh on a TLC tip, which was insane me that I used to, um, that I remembered from being a child. So I was like, well, damn, if I could just come up with one word for that, what would that be?|and i thought about ooh on a tlc tip, which was insane me that i used to, um, that i remembered from being a child. so i was like, well, damn, if i could just come up with one word for that, what would that be?
confirmed_chunk_04_002|And then I said, people looking through love and through healing. You know, so I want that same energy that I have and the same love that I have. Well, I know a man who's been curing AIDS since 1987. This guy has taught me, oh, it's, it's.|and then i said, people looking through love and through healing. you know, so i want that same energy that i have and the same love that i have. well, i know a man who's been curing aids since 1987. this guy has taught me, oh, it's, it's.
confirmed_chunk_04_003|It's not the guns who hurt people, it's the people who hurt things, then good things happen. If you do bad things, then bad things happen. That's what I had been searching for.|it's not the guns who hurt people, it's the people who hurt things, then good things happen. if you do bad things, then bad things happen. that's what i had been searching for.
confirmed_chunk_04_004|and now that I have found me. I'm very influenced by music. And the only thing I've ever...|and now that i have found me. i'm very influenced by music. and the only thing i've ever...
confirmed_chunk_04_005|was and I don't know I see a lot of that. Chili even though people look at her like she's sexy she's silly.|was and i don't know i see a lot of that. chili even though people look at her like she's sexy she's silly.
confirmed_chunk_04_006|She'd be acting. I can't take it anymore. I've got to find me. So, but, you know, and also.|she'd be acting. i can't take it anymore. i've got to find me. so, but, you know, and also.
confirmed_chunk_04_007|you know good people well when I was six years old my mom I deliver the message you know it goes from spoken word|you know good people well when i was six years old my mom i deliver the message you know it goes from spoken word
confirmed_chunk_04_008|all the way to this oh we are crazy say I miss someone you get the coolest see I didn't know all right this is how a group can sell 10 million records and be broke|all the way to this oh we are crazy say i miss someone you get the coolest see i didn't know all right this is how a group can sell 10 million records and be broke
confirmed_chunk_04_009|There's a variety of music on the album. There's even a variety of styles as far as in a room. You know, and...|there's a variety of music on the album. there's even a variety of styles as far as in a room. you know, and...
confirmed_chunk_04_010|or who I am. Along my search, I know that there are... See, that is a very true thing. You know?|or who i am. along my search, i know that there are... see, that is a very true thing. you know?
confirmed_chunk_04_011|Well, when I was six, I got...|well, when i was six, i got...
confirmed_chunk_05_000|that I say because there are a lot of children and not even children, just a lot of people who... Let's see, ignorance.|that i say because there are a lot of children and not even children, just a lot of people who... let's see, ignorance.
confirmed_chunk_05_001|you know, or didn't actually... He really didn't have the name yet, but he was starting a show.|you know, or didn't actually... he really didn't have the name yet, but he was starting a show.
confirmed_chunk_05_002|I feel responsible for the things. This is a little face treat. Jesus!|i feel responsible for the things. this is a little face treat. jesus!
confirmed_chunk_05_003|It's down to the seasonings in the kitchen. If you can see it in your head. The name of the first album and I said.|it's down to the seasonings in the kitchen. if you can see it in your head. the name of the first album and i said.
confirmed_chunk_05_004|What does that really mean? It means being on our own tip. You know, I feel a sense of peace, and I like the way it feels.|what does that really mean? it means being on our own tip. you know, i feel a sense of peace, and i like the way it feels.
confirmed_chunk_05_005|the one way to look at stuff. PLC has achieved a lot, but there's so many, like, anything.|the one way to look at stuff. plc has achieved a lot, but there's so many, like, anything.
confirmed_chunk_05_006|and since Tupac has passed|and since tupac has passed
confirmed_chunk_05_007|Some things I can't even put on that album.|some things i can't even put on that album.
pass3_lastdays_dvd_000|TLC's Hair Dresser's Robe, Female. Pebbles, Female. The two girls that worked in Pebbles' office, Female. Some woman stuff going on around here.|tlc's hair dresser's robe, female. pebbles, female. the two girls that worked in pebbles' office, female. some woman stuff going on around here.
pass3_lastdays_dvd_001|So we just TLC being silly and creative at the same time. Whenever a man would come in the room.|so we just tlc being silly and creative at the same time. whenever a man would come in the room.
pass3_lastdays_dvd_002|We had to let everybody know. Things that you don't necessarily want to talk about when a man is in the room. You start swapping advice.|we had to let everybody know. things that you don't necessarily want to talk about when a man is in the room. you start swapping advice.
pass3_lastdays_dvd_003|talking about your love lives and your boyfriends and stuff.|talking about your love lives and your boyfriends and stuff.
pass3_lastdays_dvd_004|Is that my dear friend? Who? Getting the tide by the flame. Boking my mirrors.|is that my dear friend? who? getting the tide by the flame. boking my mirrors.
pass3_lastdays_dvd_005|He used to have us every morning. We had to get up at 6. He used to come in every 15 minutes. It was 6 o'clock.|he used to have us every morning. we had to get up at 6. he used to come in every 15 minutes. it was 6 o'clock.
pass3_lastdays_dvd_006|I had to go start washing up, Raina started getting her clothes ready, Ronald started doing something. Rotate. You know, I come out get dressed, Raina go in the bathroom, Ronald started getting his clothes ready. Rotate. I go downstairs make...|i had to go start washing up, raina started getting her clothes ready, ronald started doing something. rotate. you know, i come out get dressed, raina go in the bathroom, ronald started getting his clothes ready. rotate. i go downstairs make...
pass3_lastdays_dvd_007|Raina going to get dressed, Ronald going to the bathroom. Rotate! I start making a lunch, Raina come downstairs, Ronald, no, no, no, rotate! And then at 7.30,|raina going to get dressed, ronald going to the bathroom. rotate! i start making a lunch, raina come downstairs, ronald, no, no, no, rotate! and then at 7.30,
pass3_lastdays_dvd_008|We lunch is packed. We didn't have to leave until 8 o'clock. We sitting up on the couch a whole half an hour like, what's wrong with daddy? I was like, can we get up a half an hour late?|we lunch is packed. we didn't have to leave until 8 o'clock. we sitting up on the couch a whole half an hour like, what's wrong with daddy? i was like, can we get up a half an hour late?
pass3_lastdays_dvd_009|a vacuum cleaner pipe and he started busting out all my way. I had set the fire in the bathroom and when I seen him do that|a vacuum cleaner pipe and he started busting out all my way. i had set the fire in the bathroom and when i seen him do that
pass3_lastdays_dvd_010|Oh, so I one swing crack bash the wind. It's like we all stopped. We were doing it. We look very similar.|oh, so i one swing crack bash the wind. it's like we all stopped. we were doing it. we look very similar.
pass3_lastdays_dvd_011|similar to the point where we almost clashed. Both Geminis and it was almost like four people being in a room. You know and...|similar to the point where we almost clashed. both geminis and it was almost like four people being in a room. you know and...
pass3_lastdays_dvd_012|I don't know if this has any significance, but I was born on an odd day, the 27th, and he was born on the 16th, which equals to seven and nine day, and we were odd.|i don't know if this has any significance, but i was born on an odd day, the 27th, and he was born on the 16th, which equals to seven and nine day, and we were odd.
pass3_lastdays_dvd_013|It was very odd. I got a chance to go to his house before he passed on. And it was weird. It was a very weird.|it was very odd. i got a chance to go to his house before he passed on. and it was weird. it was a very weird.
pass3_lastdays_dvd_014|that was in my cabinets, was in his, the pot set, the chairs that we sat in.|that was in my cabinets, was in his, the pot set, the chairs that we sat in.
pass3_latelick1_000|I had a lot of energy on the first album. I think in the studio from where I was residing at the time, and you know, laying some vocals for this album that we were doing.|i had a lot of energy on the first album. i think in the studio from where i was residing at the time, and you know, laying some vocals for this album that we were doing.
pass3_latelick1_001|putting together over and over again in my car. I just couldn't stop listening to it. I thought the track was so jammed. You did? Yes, I mean because I laid 20 bars. I mean when I was in the studio right|putting together over and over again in my car. i just couldn't stop listening to it. i thought the track was so jammed. you did? yes, i mean because i laid 20 bars. i mean when i was in the studio right
pass3_latelick1_002|writing the rap I had too much for what they had given me room for you know so before I cut my rap out you know I just could you guys please give me more space|writing the rap i had too much for what they had given me room for you know so before i cut my rap out you know i just could you guys please give me more space
pass3_latelick1_003|Can we ascend to higher heights and when the path gets rough, we can get into brighter nights, breathe with our souls to keep. I'm currently working on a solo project. I'll tell you as of yet when it's going to be released. Yes, thank you. Nothing.|can we ascend to higher heights and when the path gets rough, we can get into brighter nights, breathe with our souls to keep. i'm currently working on a solo project. i'll tell you as of yet when it's going to be released. yes, thank you. nothing.
pass3_latelick1_004|Oh, you can expect a variety. I mean, I'm sure some of the tracks will be R&D. I don't know. I mean, I haven't got me, but I am open. You know, I have a couple giving me some materials, a little bit of a...|oh, you can expect a variety. i mean, i'm sure some of the tracks will be r&d. i don't know. i mean, i haven't got me, but i am open. you know, i have a couple giving me some materials, a little bit of a...
pass3_latelick1_005|sound I can't even really just be fans red clay the u.s. you from saying my mind frame never changed so you came and rearranged almost definitely I like a wide variety|sound i can't even really just be fans red clay the u.s. you from saying my mind frame never changed so you came and rearranged almost definitely i like a wide variety
pass3_latelick1_006|There's a lot of substance to the things that she really has to say. It's one of the things that are up in her mind. It seems like we're pretty much on the same page.|there's a lot of substance to the things that she really has to say. it's one of the things that are up in her mind. it seems like we're pretty much on the same page.
pass3_latelick1_007|you know. Well this time we went on tour we did day on day off day on day off so the tea box could get the proper rest that she needed but I don't really know if that kind of that worked which aired so that everyone could have the opportunity.|you know. well this time we went on tour we did day on day off day on day off so the tea box could get the proper rest that she needed but i don't really know if that kind of that worked which aired so that everyone could have the opportunity.
pass3_latelick2_000|When we first saw the video we said, hmm, I don't know if this is going to work. It's kind of simple, it's a little plain. But now that the video is over with and I look back on it, I think for the time that the video came out it was a car.|when we first saw the video we said, hmm, i don't know if this is going to work. it's kind of simple, it's a little plain. but now that the video is over with and i look back on it, i think for the time that the video came out it was a car.
pass3_latelick2_001|classic, it was old and they kind of looked the way that it did and we were the stars of the video. I mean I grew up singing on the church choir but I do think that|classic, it was old and they kind of looked the way that it did and we were the stars of the video. i mean i grew up singing on the church choir but i do think that
pass3_latelick2_002|I will probably sing on my album. I really can't explain to you what it's gonna sound like, but I like rapping because I can spatially expand my horizons.|i will probably sing on my album. i really can't explain to you what it's gonna sound like, but i like rapping because i can spatially expand my horizons.
pass3_latelick2_003|Next left eye. But anyway, I knew her for a couple years before the group actually got together. She is a writer. She wrote five of the songs on the album.|next left eye. but anyway, i knew her for a couple years before the group actually got together. she is a writer. she wrote five of the songs on the album.
pass3_latelick2_004|and her songs were so great that I figured let's get a couple of girls. It took us two years to find two girls at home, and I also did a collaboration with mine. I also did a collaboration with Black Ivory.|and her songs were so great that i figured let's get a couple of girls. it took us two years to find two girls at home, and i also did a collaboration with mine. i also did a collaboration with black ivory.
pass3_latelick2_005|But the third single was I did. Yes it is. Well actually I did do a collaboration with NSYNC. It's called Space Cowboy.|but the third single was i did. yes it is. well actually i did do a collaboration with nsync. it's called space cowboy.
pass3_latelick2_006|So that, yeah, we just did that. And actually their album just dropped last week and it sold 2.5.|so that, yeah, we just did that. and actually their album just dropped last week and it sold 2.5.
pass3_wendy1_000|All right. Me and I, me and I had it too. A little bit longer than what they are lasting, but. Yeah. Let's see. I weigh about a buck on fives. A six and girl.|all right. me and i, me and i had it too. a little bit longer than what they are lasting, but. yeah. let's see. i weigh about a buck on fives. a six and girl.
pass3_wendy1_001|And what was the other question? Most definitely. A lot of married to her uncle. So I'm family. And I heard that she's only inviting family.|and what was the other question? most definitely. a lot of married to her uncle. so i'm family. and i heard that she's only inviting family.
pass3_wendy1_002|so you know yeah I mean we're not splitting up it doesn't make sense to split up we've been together for 10 years actually the company is called Sephora we like them we're not that far into knowing|so you know yeah i mean we're not splitting up it doesn't make sense to split up we've been together for 10 years actually the company is called sephora we like them we're not that far into knowing
pass3_wendy2|It's not a be mad if no one I mean if certain people didn't|it's not a be mad if no one i mean if certain people didn't
